id;count;image_id;label;system:time_start;geometry;date;date_ymd;
217;1083;20250113T112431_20250113T112443_T29SPD;1;1.73677E+12;POLYGON ((-7.5084795720207484 39.60878559195214, -7.508296756389746 39.608785592848086, -7.508296756389746 39.6078893310095, -7.508029266519721 39.607889326597515, -7.508029266519721 39.607800138549976, -7.507940048387174 39.60780011435325, -7.507940048387174 39.60771092616515, -7.507850830369943 39.607710980251774, -7.507850830369943 39.60717138105943, -7.507578881347413 39.607171350456305, -7.507578881347413 39.606270675263225, -7.507400528970604 39.606270620256424, -7.507400528970604 39.605913935988916, -7.507132959965319 39.60591393380391, -7.507132959965319 39.60573108424139, -7.506950147900851 39.60573108191036, -7.506950147900851 39.60555269916992, -7.506504230580779 39.60555271728605, -7.506504230580779 39.605374333913026, -7.506232204256657 39.60537438273634, -7.506232204256657 39.60519153133345, -7.506143071054182 39.605191578257816, -7.506143071054182 39.6051023860667, -7.506053855359752 39.60510235987149, -7.506053855359752 39.60492397507938, -7.505781830810794 39.60492402252694, -7.505781830810794 39.60474563714818, -7.505335921039298 39.60474564965082, -7.505335921039298 39.604562796144904, -7.505063899320209 39.604562841542595, -7.505063899320209 39.60438445493174, -7.504885553442559 39.604384473427764, -7.504885553442559 39.60420608625489, -7.504613533498757 39.604206051936835, -7.504613533498757 39.603488186987676, -7.504435188785054 39.603488204464306, -7.504435188785054 39.60204790310404, -7.504346057903566 39.60204786967398, -7.504346057903566 39.601869475612865, -7.504435188785054 39.60186950906651, -7.504435188785054 39.60115161678219, -7.504256844532285 39.60115163333344, -7.504256844532285 39.60079045008202, -7.503806483978084 39.60079042839357, -7.503806483978084 39.600612030560136, -7.503088573038715 39.60061207031927, -7.503088573038715 39.60043367178174, -7.502370669569111 39.60043370632474, -7.502370669569111 39.60025083925716, -7.501741900971914 39.60025082620576, -7.501741900971914 39.59971578162227, -7.50146989342154 39.59971573715577, -7.50146989342154 39.5998941381924, -7.501024011515303 39.59989412874513, -7.501024011515303 39.59971580597473, -7.50075200679551 39.599715759603605, -7.50075200679551 39.599532968358375, -7.500573589462799 39.59953298341808, -7.500573589462799 39.59908705504873, -7.500301586519055 39.59908700722952, -7.500301586519055 39.598007954999474, -7.500395255191846 39.59800793387358, -7.500395255191846 39.597289992446704, -7.500123252951308 39.59729002181796, -7.500123252951308 39.59692881379281, -7.50021246097759 39.59692884623009, -7.50021246097759 39.59683964133081, -7.500395255191846 39.59683965807866, -7.500395255191846 39.59638924204164, -7.49994491984461 39.596389278848626, -7.49994491984461 39.596928821731986, -7.499672919379865 39.59692884976365, -7.499672919379865 39.59800792183474, -7.4998557121643294 39.59800793922882, -7.4998557121643294 39.59818626723465, -7.499766504599421 39.59818631303911, -7.499766504599421 39.59836464055378, -7.499672919379865 39.59836465581389, -7.499672919379865 39.598547450805846, -7.4998557121643294 39.59854746805413, -7.4998557121643294 39.59908707055438, -7.49958371205136 39.59908702083063, -7.49958371205136 39.59971574141278, -7.4998557121643294 39.59971579088349, -7.4998557121643294 39.59980491329499, -7.50021246097759 39.59980496894523, -7.50021246097759 39.599894169564784, -7.500301586519055 39.59989412848977, -7.500301586519055 39.5999833289689, -7.500395255191846 39.59998330757041, -7.500395255191846 39.600072507908486, -7.500573589462799 39.60007249835848, -7.500573589462799 39.600250898601395, -7.50075200679551 39.60025088335271, -7.50075200679551 39.600344472704734, -7.501024011515303 39.60034451882281, -7.501024011515303 39.60043371855668, -7.501920238724128 39.600433681455755, -7.501920238724128 39.600612080301175, -7.502638220109788 39.600612043380075, -7.502638220109788 39.6007904415214, -7.503356126363294 39.60079040472673, -7.503356126363294 39.60097326993146, -7.503806483978084 39.60097321509471, -7.503806483978084 39.60132992977983, -7.5039848270668585 39.601329992346436, -7.5039848270668585 39.601869488879956, -7.503895614162609 39.60186953875952, -7.503895614162609 39.602047854558734, -7.5037172713044145 39.602047870407304, -7.5037172713044145 39.602770220676156, -7.5039848270668585 39.60277023301937, -7.5039848270668585 39.603127015616025, -7.504167631276349 39.60312694555953, -7.504167631276349 39.60330533603732, -7.504078500740459 39.60330538091978, -7.504078500740459 39.60339896518587, -7.5039848270668585 39.6033989904208, -7.5039848270668585 39.60402774142402, -7.504078500740459 39.60402771610231, -7.504078500740459 39.60420610400291, -7.504167631276349 39.60420605900249, -7.504167631276349 39.60438444636469, -7.504435188785054 39.60438445689408, -7.504435188785054 39.60456284367068, -7.504613533498757 39.60456282591115, -7.504613533498757 39.60474560123524, -7.505063899320209 39.604745616745, -7.505063899320209 39.60492400231308, -7.505335921039298 39.604924035147114, -7.505335921039298 39.60510234175191, -7.505514268080868 39.605102400659824, -7.505514268080868 39.605285174144356, -7.505781830810794 39.60528518080288, -7.505781830810794 39.6054635646238, -7.506143071054182 39.60546354310715, -7.506143071054182 39.60555273477687, -7.506232204256657 39.605552766180956, -7.506232204256657 39.605913920540985, -7.506504230580779 39.60591394987641, -7.506504230580779 39.60609225331632, -7.506950147900851 39.606092313219705, -7.506950147900851 39.60663184418185, -7.507132959965319 39.60663184626943, -7.507132959965319 39.606810225845656, -7.507400528970604 39.60681022767613, -7.507400528970604 39.60752812944171, -7.507578881347413 39.60752810574278, -7.507578881347413 39.60824599897622, -7.507850830369943 39.6082460291468, -7.507850830369943 39.60878561895166, -7.507761695077144 39.60878558938256, -7.507761695077144 39.60914680239709, -7.508029266519721 39.60914680166225, -7.508029266519721 39.610225882165985, -7.508118402158043 39.610225911311936, -7.508118402158043 39.610404201880115, -7.508390435916049 39.6104042244027, -7.508390435916049 39.610225855536726, -7.5084795720207484 39.61022588436862, -7.5084795720207484 39.60878559195214));13.01.2025 11:30;13.01.2025;2880
000000000000000000f9;53;20250113T112431_20250113T112443_T29SPD;1;1.73677E+12;POLYGON ((-6.833304817750763 39.81180845498594, -6.832676079485506 39.811808448113545, -6.832676079485506 39.81162564645194, -6.832314933923144 39.811625661511776, -6.8323149339231435 39.81189759650864, -6.832408573148648 39.81189762980156, -6.832408573148649 39.81198684109359, -6.832497714545156 39.8119868266049, -6.832497714545156 39.81207603775579, -6.832408573148647 39.81207597406837, -6.832408573148648 39.812165185099545, -6.832314933923144 39.812165151840425, -6.8323149339231435 39.81234357353388, -6.83213656997169 39.812343528836294, -6.832136569971689 39.81270474915845, -6.832225710995959 39.81270473481897, -6.832225710995959 39.812526392346854, -6.832408573148648 39.81252632815982, -6.832408573148647 39.81243719584316, -6.832586937844916 39.81243716186178, -6.8325869378449156 39.81225436206257, -6.832765303029578 39.812254327816575, -6.832765303029577 39.81216519514512, -6.832854444914256 39.812165180326964, -6.832854444914256 39.81207596934919, -6.832943668702632 39.812076027831715, -6.832943668702633 39.81198681673424, -6.833126451088848 39.811986834413474, -6.833126451088847 39.81189762320743, -6.833304817750763 39.81189766630104, -6.833304817750763 39.81180845498594), (-6.832854444914256 39.811897625189125, -6.832676079485506 39.81189765950396, -6.832676079485506 39.81198679257706, -6.832854444914256 39.811986836427764, -6.832854444914256 39.811897625189125));13.01.2025 11:30;13.01.2025;
90;38;20250113T112431_20250113T112443_T29SPD;1;1.73677E+12;POLYGON ((-6.809769711352033 39.839833903347014, -6.809591327430914 39.83983390924086, -6.809591327430914 39.83974473597603, -6.809319337857173 39.83974469089707, -6.809319337857173 39.83965551746915, -6.809140955171808 39.83965552254194, -6.8091409551718085 39.84019509416024, -6.809230146453309 39.84019509159801, -6.8092301464533085 39.840373436764196, -6.809408529383405 39.84037343136595, -6.809408529383405 39.840284258869424, -6.809497639279747 39.840284260867406, -6.809497639279746 39.84019508825092, -6.809680519330292 39.84019505276887, -6.809680519330292 39.8400122524491, -6.809769711352032 39.84001224944235, -6.809769711352033 39.839833903347014));13.01.2025 11:30;13.01.2025;
0.00E+00;28;20250113T112431_20250113T112443_T29SPD;1;1.73677E+12;POLYGON ((-6.831057400791076 39.773446792842954, -6.830968261365703 39.7734468014818, -6.830968261365703 39.77353599090152, -6.830789901101948 39.77353601278639, -6.830789901101948 39.77398633924024, -6.830517904684593 39.773986321211865, -6.830517904684593 39.77416469845483, -6.830161187112181 39.77416474066066, -6.830161187112181 39.77425838854965, -6.830611541326635 39.77425838597741, -6.830611541326635 39.77416473814503, -6.830879040283211 39.77416470784736, -6.830879040283211 39.7740755193342, -6.830968261365703 39.774075505880305, -6.830968261365703 39.77380801782802, -6.831057400791076 39.773808009145974, -6.831057400791076 39.773446792842954));13.01.2025 11:30;13.01.2025;
000000000000000001d6;26;20250113T112431_20250113T112443_T29SPD;1;1.73677E+12;POLYGON ((-6.993743264795059 39.81422978031069, -6.993564871195181 39.814229756463355, -6.993564871195181 39.81414056798325, -6.993114544274554 39.81414053458912, -6.993114544274554 39.81432336703789, -6.992846956603181 39.814323407718746, -6.992846956603182 39.81450178418981, -6.9933865600592435 39.814501747578156, -6.993386560059243 39.814412559473936, -6.993564871195181 39.81441258853149, -6.993564871195181 39.81432340031875, -6.99374326479506 39.81432342414308, -6.993743264795059 39.81422978031069));13.01.2025 11:30;13.01.2025;
0000000000000000008d;23;20250113T112431_20250113T112443_T29SPD;1;1.73677E+12;POLYGON ((-6.8091409551718085 39.84135893948825, -6.809051764012672 39.84135894211223, -6.809051764012672 39.841269771016435, -6.808779776696317 39.84126972507152, -6.808779776696317 39.84180928264631, -6.8091409551718085 39.84180924756572, -6.8091409551718085 39.84135893948825));13.01.2025 11:30;13.01.2025;
144;21;20250113T112431_20250113T112443_T29SPD;1;1.73677E+12;POLYGON ((-6.843453711792635 39.73500044314245, -6.843364555408783 39.73500045788766, -6.843364555408782 39.73491129206845, -6.843186161212264 39.734911247847464, -6.843186161212265 39.73482208187705, -6.843007849298207 39.7348220325011, -6.843007849298207 39.73473286637949, -6.842825039195352 39.73473292548135, -6.842825039195353 39.73500042352253, -6.842646646475066 39.7350004566749, -6.842646646475065 39.73508962245049, -6.843453711792634 39.73508960882123, -6.843453711792635 39.73500044314245));13.01.2025 11:30;13.01.2025;
000000000000000001ec;19;20250113T112431_20250113T112443_T29SPD;1;1.73677E+12;POLYGON ((-7.257400980628822 39.68208870667468, -7.2571289573280415 39.68208873693079, -7.2571289573280415 39.681821161973566, -7.2569505995284995 39.68182120336406, -7.2569505995284995 39.68236073741333, -7.2570398195225625 39.68236071411302, -7.2570398195225625 39.68244990512349, -7.2571289573280415 39.682449965191275, -7.2571289573280415 39.6822671195887, -7.257400980628822 39.68226708926339, -7.257400980628822 39.68208870667468));13.01.2025 11:30;13.01.2025;
0.00E+00;18;20250113T112431_20250113T112443_T29SPD;1;1.73677E+12;POLYGON ((-6.83078990110195 39.804977112498584, -6.8305179046845925 39.80497710579372, -6.830517904684593 39.80533829232502, -6.830250325432949 39.805338259485886, -6.830250325432948 39.80551662344602, -6.8300719671353125 39.80551665173511, -6.8300719671353125 39.805699472341956, -6.8302503254329485 39.805699522204335, -6.830250325432949 39.805605844328205, -6.830339545654161 39.80560582764869, -6.830339545654162 39.805516684972545, -6.830517904684593 39.80551665622099, -6.830517904684593 39.80542751343592, -6.830611541326635 39.805427470981165, -6.830611541326635 39.80507074219129, -6.830789901101949 39.8050707130762, -6.83078990110195 39.804977112498584));13.01.2025 11:30;13.01.2025;
106;18;20250113T112431_20250113T112443_T29SPD;1;1.73677E+12;POLYGON ((-6.834201074683538 39.74730752386685, -6.834111930956158 39.74730753209432, -6.834111930956159 39.747218383078945, -6.833933562084377 39.74721840410006, -6.833933562084377 39.74730755313677, -6.833844336940199 39.7473075659516, -6.833844336940199 39.74793630177215, -6.833933562084377 39.74793628888207, -6.833933562084377 39.747575077737295, -6.834201074683538 39.7475751266405, -6.834201074683538 39.74730752386685));13.01.2025 11:30;13.01.2025;
0000000000000000016c;18;20250113T112431_20250113T112443_T29SPD;1;1.73677E+12;POLYGON ((-6.855760834299646 39.77775874091111, -6.855671661093746 39.77775877140696, -6.855671661093747 39.777669591111916, -6.855493315047447 39.7776695736227, -6.855493315047447 39.77794157318125, -6.855404142207052 39.777941603467795, -6.855404142207053 39.77820914286835, -6.855760834299647 39.77820909935943, -6.855760834299646 39.77811991973217, -6.855671661093748 39.77811995027125, -6.855671661093747 39.77794159060502, -6.855760834299646 39.777941560087285, -6.855760834299646 39.77775874091111));13.01.2025 11:30;13.01.2025;
215;18;20250113T112431_20250113T112443_T29SPD;1;1.73677E+12;POLYGON ((-7.493746747385247 39.678316349663774, -7.49347468877543 39.67831632092606, -7.49347468877543 39.67849473162662, -7.493207173781887 39.67849472177136, -7.493207173781887 39.67867751594733, -7.493746747385247 39.67867755432306, -7.493746747385247 39.678316349663774));13.01.2025 11:30;13.01.2025;
0000000000000000003e;16;20250113T112431_20250113T112443_T29SPD;1;1.73677E+12;POLYGON ((-6.792071539966999 39.753055350677144, -6.791621125690373 39.7530553480505, -6.791621125690373 39.753144493639816, -6.791803955423669 39.753144511082816, -6.791803955423669 39.753238195968656, -6.791621125690373 39.75323817854854, -6.791621125690373 39.7535056923942, -6.791893122905523 39.75350573251018, -6.791893122905523 39.75323814049552, -6.791982290509856 39.75323816321175, -6.791982290509856 39.75314455661461, -6.792071539966998 39.75314449621285, -6.792071539966999 39.753055350677144));13.01.2025 11:30;13.01.2025;
0000000000000000005a;16;20250113T112431_20250113T112443_T29SPD;1;1.73677E+12;POLYGON ((-6.798898424524827 39.67256857365622, -6.798720070443425 39.672568599167974, -6.798720070443425 39.67247941565171, -6.798269691785216 39.67247938871656, -6.798269691785216 39.672657755727286, -6.798448044629923 39.672657730971714, -6.7984480446299225 39.67274691426187, -6.798809247422911 39.672746913889775, -6.79880924742291 39.67265773064269, -6.798898424524828 39.672657757021945, -6.798898424524827 39.67256857365622));13.01.2025 11:30;13.01.2025;
73;16;20250113T112431_20250113T112443_T29SPD;1;1.73677E+12;POLYGON ((-6.804829017432417 39.86067575081282, -6.804650647069829 39.86067575313754, -6.8046506470698285 39.860314569543085, -6.804467781170602 39.860314522894065, -6.804467781170602 39.86085407099209, -6.804829017432418 39.86085411514156, -6.804829017432417 39.86067575081282));13.01.2025 11:30;13.01.2025;
52;15;20250113T112431_20250113T112443_T29SPD;1;1.73677E+12;POLYGON ((-6.794947612193662 39.75512434663801, -6.7948584405166415 39.755124326707445, -6.7948584405166415 39.75530268922209, -6.794764773607394 39.75530269778124, -6.794764773607395 39.75539191798642, -6.794586430878002 39.75539187779644, -6.7945864308780015 39.75557023959616, -6.794497259696994 39.75557029767005, -6.794497259696994 39.75575311995346, -6.7945864308780015 39.755753061857966, -6.7945864308780015 39.755842281427846, -6.794675602181468 39.75584230150754, -6.794675602181467 39.75557025970834, -6.794764773607393 39.75557027974352, -6.794764773607394 39.75548105979837, -6.794947612193662 39.75548107110488, -6.794947612193662 39.75512434663801));13.01.2025 11:30;13.01.2025;
0000000000000000016e;15;20250113T112431_20250113T112443_T29SPD;1;1.73677E+12;POLYGON ((-6.8566615723200695 39.776773311956504, -6.856300375699118 39.77677331100354, -6.856300375699117 39.77686249253074, -6.856211201756072 39.77686244515623, -6.856211201756072 39.776951626564106, -6.856389549763998 39.776951642985225, -6.856389549763999 39.777130005367695, -6.856300375699119 39.77713003633162, -6.856300375699118 39.77731285725538, -6.8564832235688655 39.77731284208165, -6.8564832235688655 39.77695165884302, -6.8566615723200695 39.77695167479394, -6.8566615723200695 39.776773311956504));13.01.2025 11:30;13.01.2025;
0000000000000000019e;15;20250113T112431_20250113T112443_T29SPD;1;1.73677E+12;POLYGON ((-6.869775794479617 39.72934181409423, -6.869325415296859 39.72934186758986, -6.869325415296858 39.72960937960473, -6.869775794479617 39.72960940423495, -6.869775794479617 39.72934181409423));13.01.2025 11:30;13.01.2025;
000000000000000001a5;15;20250113T112431_20250113T112443_T29SPD;1;1.73677E+12;POLYGON ((-6.871751149723329 39.74344601280034, -6.871394452120057 39.74344601177484, -6.871394452120058 39.7438919171616, -6.871572841593419 39.74389191529706, -6.8715728415934185 39.74380268753891, -6.871662036512695 39.743802725636755, -6.871662036512695 39.743535119885095, -6.871751149723329 39.74353516278628, -6.871751149723329 39.74344601280034));13.01.2025 11:30;13.01.2025;
87;13;20250113T112431_20250113T112443_T29SPD;1;1.73677E+12;POLYGON ((-6.80770066780941 39.757817691297845, -6.806982743320568 39.757817644675086, -6.806982743320568 39.757906859756446, -6.807254723117993 39.75790686260205, -6.807254723117993 39.757995999262214, -6.807700667809409 39.75799604290034, -6.80770066780941 39.757817691297845));13.01.2025 11:30;13.01.2025;
0000000000000000006e;11;20250113T112431_20250113T112443_T29SPD;1;1.73677E+12;POLYGON ((-6.803482341475052 39.850883551001935, -6.803388743873782 39.850883574523294, -6.803388743873782 39.850794338564384, -6.803210377464548 39.85079433604346, -6.803210377464547 39.85070517807267, -6.803032011544929 39.8507051752222, -6.803032011544929 39.85079433321425, -6.803121194443534 39.8507943346674, -6.803121194443534 39.85088357065822, -6.803210377464547 39.85088357202365, -6.803210377464547 39.85106188731184, -6.803482341475052 39.85106194436513, -6.803482341475052 39.850883551001935));13.01.2025 11:30;13.01.2025;
0000000000000000017f;11;20250113T112431_20250113T112443_T29SPD;1;1.73677E+12;POLYGON ((-6.859626896238621 39.77048597211223, -6.859537717751336 39.7704859268415, -6.859537717751335 39.77039235511318, -6.859444039563312 39.77039234119857, -6.85944403956331 39.77030315061061, -6.859354861325791 39.770303105159705, -6.85935486132579 39.77066432628115, -6.859444039563311 39.770664293451404, -6.859444039563311 39.77075348351259, -6.859626896238621 39.770753542619865, -6.859626896238621 39.77048597211223));13.01.2025 11:30;13.01.2025;
45;10;20250113T112431_20250113T112443_T29SPD;1;1.73677E+12;POLYGON ((-6.792611044105824 39.75323813031076, -6.792432707292382 39.75323816415334, -6.792432707292382 39.75305533385336, -6.792343539069375 39.7530553115042, -6.792343539069375 39.75314453527399, -6.792071539966998 39.75314449621285, -6.792071539966998 39.75323818106523, -6.792343539069376 39.75323814182601, -6.792343539069376 39.7533273653293, -6.792432707292382 39.75332730937979, -6.792432707292382 39.75341653274248, -6.792611044105824 39.753416498857526, -6.792611044105824 39.75323813031076));13.01.2025 11:30;13.01.2025;
0000000000000000009e;10;20250113T112431_20250113T112443_T29SPD;1;1.73677E+12;POLYGON ((-6.8123738289613325 39.75575312099138, -6.8120126325268275 39.755753125806635, -6.8120126325268275 39.7556594473017, -6.811834242452091 39.75565943696863, -6.81183424245209 39.755842254746796, -6.8120126325268275 39.75584226503616, -6.8120126325268275 39.75593148239665, -6.812195437895716 39.755931467851156, -6.812195437895717 39.75584225051249, -6.812373828961333 39.75584226017781, -6.8123738289613325 39.75575312099138));13.01.2025 11:30;13.01.2025;
000000000000000000ef;10;20250113T112431_20250113T112443_T29SPD;1;1.73677E+12;POLYGON ((-6.831775345620275 39.80462034448295, -6.831686205212341 39.80462035746759, -6.831686205212341 39.80444199123146, -6.8315077612026265 39.80444202656373, -6.831507761202626 39.804709536688215, -6.8314186211608945 39.80470954945237, -6.831418621160894 39.804798771374706, -6.831686205212341 39.804798723182365, -6.831686205212342 39.80470957948829, -6.831775345620277 39.804709566492996, -6.831775345620275 39.80462034448295));13.01.2025 11:30;13.01.2025;
000000000000000000f1;10;20250113T112431_20250113T112443_T29SPD;1;1.73677E+12;POLYGON ((-6.83195820650864 39.80488794860031, -6.831868984070083 39.80488796659347, -6.831868984070084 39.8047987448555, -6.831686205212341 39.804798723182365, -6.831686205212341 39.80497708837577, -6.831775345620276 39.80497707534851, -6.831775345620276 39.80507075399815, -6.831686205212342 39.80507076703661, -6.831686205212341 39.80515991020303, -6.83195820650864 39.80515991376173, -6.83195820650864 39.80488794860031));13.01.2025 11:30;13.01.2025;
138;10;20250113T112431_20250113T112443_T29SPD;1;1.73677E+12;POLYGON ((-6.839864159480578 39.746050054534194, -6.839770509540152 39.74605009795436, -6.839770509540153 39.74587171921794, -6.839592125178727 39.745871749694615, -6.839592125178727 39.746228428462956, -6.839864159480578 39.74622843272867, -6.839864159480578 39.746050054534194));13.01.2025 11:30;13.01.2025;
218;10;20250113T112431_20250113T112443_T29SPD;1;1.73677E+12;POLYGON ((-7.524380765970762 39.63816213974168, -7.524197908251388 39.63816217694301, -7.524197908251388 39.638340539240566, -7.524108751861419 39.63834052779901, -7.524108751861419 39.638429669600136, -7.524019595586447 39.638429658092775, -7.524019595586447 39.638523343022634, -7.5242871473852295 39.63852329358133, -7.5242871473852295 39.63842968702045, -7.524380765970762 39.638429722088176, -7.524380765970762 39.63816213974168));13.01.2025 11:30;13.01.2025;
0;9;20250113T112431_20250113T112443_T29SPD;1;1.73677E+12;POLYGON ((-6.763863220847684 39.7581788486385, -6.763595670997636 39.758178875272534, -6.763595670997636 39.75826801672753, -6.763506542422801 39.75826804837409, -6.763506542422802 39.75844640917817, -6.763774091904631 39.75844638267992, -6.763774091904631 39.7582680219392, -6.763863220847684 39.75826799006183, -6.763863220847684 39.7581788486385));13.01.2025 11:30;13.01.2025;
0000000000000000005b;9;20250113T112431_20250113T112443_T29SPD;1;1.73677E+12;POLYGON ((-6.798987601749181 39.83157118665061, -6.798809247422909 39.83157117193922, -6.79880924742291 39.83174954484502, -6.798630811847789 39.83174953466128, -6.798630811847789 39.83201709310456, -6.798720070443426 39.832017095806385, -6.798720070443425 39.831838723662706, -6.798898424524827 39.831838738464384, -6.798898424524826 39.83174955221797, -6.798987601749181 39.831749559513874, -6.798987601749181 39.83157118665061));13.01.2025 11:30;13.01.2025;
11;8;20250113T112431_20250113T112443_T29SPD;1;1.73677E+12;POLYGON ((-6.771412503448387 39.76814941963179, -6.771051289744633 39.768149379774215, -6.771051289744632 39.76823858406646, -6.771229649482882 39.76823857880385, -6.771229649482883 39.76841690870657, -6.771412503448387 39.768416953740264, -6.771412503448387 39.76814941963179));13.01.2025 11:30;13.01.2025;
15;8;20250113T112431_20250113T112443_T29SPD;1;1.73677E+12;POLYGON ((-6.775724427907393 39.766802730439224, -6.775541643486361 39.766802766122666, -6.775541643486361 39.76670909997331, -6.775363271881698 39.76670911231885, -6.775363271881698 39.76680277849044, -6.775452416767982 39.76680273560627, -6.775452416767982 39.76698114694377, -6.775724427907393 39.76698114171212, -6.775724427907393 39.766802730439224));13.01.2025 11:30;13.01.2025;
29;8;20250113T112431_20250113T112443_T29SPD;1;1.73677E+12;POLYGON ((-6.783269208443194 39.764015816280185, -6.783090897300474 39.76401583655314, -6.783090897300474 39.76383741838195, -6.7829972473732525 39.7638374173359, -6.7829972473732525 39.76419417494921, -6.783269208443194 39.764194155635394, -6.783269208443194 39.764015816280185));13.01.2025 11:30;13.01.2025;
63;8;20250113T112431_20250113T112443_T29SPD;1;1.73677E+12;POLYGON ((-6.8015025152753354 39.860492930866755, -6.801413334598525 39.860492929170995, -6.801413334598526 39.860403707071214, -6.801145793302593 39.860403701489645, -6.8011457933025925 39.860492923621344, -6.801056613115451 39.860492921617315, -6.801056613115451 39.86058659691311, -6.801502515275336 39.860586527978974, -6.8015025152753354 39.860492930866755));13.01.2025 11:30;13.01.2025;
0000000000000000007f;8;20250113T112431_20250113T112443_T29SPD;1;1.73677E+12;POLYGON ((-6.806443201554086 39.834714816629855, -6.806354014096476 39.83471481612982, -6.806354014096475 39.834625634982935, -6.80626482676125 39.83462563439519, -6.806264826761251 39.83444281652211, -6.806086452457957 39.834442815071775, -6.806086452457957 39.834531996518244, -6.806175639548414 39.83453199727131, -6.806175639548414 39.834804074096475, -6.806443201554086 39.83480399763553, -6.806443201554086 39.834714816629855));13.01.2025 11:30;13.01.2025;
000000000000000000b3;8;20250113T112431_20250113T112443_T29SPD;1;1.73677E+12;POLYGON ((-6.814438360983575 39.84019510351851, -6.814259964254746 39.840195117568946, -6.814259964254746 39.840101412532896, -6.813992451836901 39.84010142819115, -6.813992451836901 39.840284305340674, -6.814438360983574 39.84028427554526, -6.814438360983575 39.84019510351851));13.01.2025 11:30;13.01.2025;
000000000000000000c9;8;20250113T112431_20250113T112443_T29SPD;1;1.73677E+12;POLYGON ((-6.818571955101612 39.755030719655, -6.818482751007841 39.75503072011868, -6.81848275100784 39.755124398773916, -6.818393547036371 39.755124399171734, -6.818393547036371 39.75530275606923, -6.818304424950533 39.7553027516049, -6.818304424950533 39.75539189073899, -6.818571955101613 39.755391894255986, -6.818571955101612 39.755030719655));13.01.2025 11:30;13.01.2025;
000000000000000000fd;8;20250113T112431_20250113T112443_T29SPD;1;1.73677E+12;POLYGON ((-6.833665968801073 39.81153642328471, -6.833572327768092 39.811536469274614, -6.833572327768093 39.81162560276824, -6.833304817750763 39.81162565347871, -6.833304817750763 39.81180845498594, -6.833572327768092 39.81180848239695, -6.833572327768092 39.81171481431872, -6.833665968801072 39.811714846493615, -6.833665968801073 39.81153642328471));13.01.2025 11:30;13.01.2025;
153;8;20250113T112431_20250113T112443_T29SPD;1;1.73677E+12;POLYGON ((-6.846508250417439 39.784046060107634, -6.846151527109327 39.784046079265096, -6.846151527109327 39.7839569070018, -6.846062285238546 39.78395693476495, -6.8460622852385455 39.78404610703892, -6.845879466572057 39.78404610540529, -6.845879466572057 39.78413973617592, -6.846508250417439 39.784139690799094, -6.846508250417439 39.784046060107634));13.01.2025 11:30;13.01.2025;
175;8;20250113T112431_20250113T112443_T29SPD;1;1.73677E+12;POLYGON ((-6.857740674470102 39.772278508095816, -6.857290296460645 39.77227853997068, -6.857290296460645 39.772461375159956, -6.857557904890539 39.77246135454391, -6.85755790489054 39.772372166747154, -6.857740674470102 39.77237215539939, -6.857740674470102 39.772278508095816));13.01.2025 11:30;13.01.2025;
0000000000000000017d;8;20250113T112431_20250113T112443_T29SPD;1;1.73677E+12;POLYGON ((-6.858186637664369 39.77210012471122, -6.857919026656996 39.77210014682769, -6.857919026656996 39.77227852299787, -6.858008202933177 39.77227849121577, -6.858008202933178 39.772372138485586, -6.858186637664369 39.77237214806439, -6.858186637664369 39.77210012471122));13.01.2025 11:30;13.01.2025;
000000000000000001cc;8;20250113T112431_20250113T112443_T29SPD;1;1.73677E+12;POLYGON ((-6.913434902648278 39.712990291775405, -6.913345650801623 39.71299028606791, -6.913345650801623 39.71307947532605, -6.913256480958682 39.7130794646724, -6.913256480958683 39.71326230618374, -6.91316288960104 39.713262324063756, -6.91316288960104 39.713351512948655, -6.913434902648278 39.713351511341585, -6.913434902648278 39.712990291775405));13.01.2025 11:30;13.01.2025;
1.00E+09;8;20250113T112431_20250113T112443_T29SPD;1;1.73677E+12;POLYGON ((-7.209251594398814 39.62387963864204, -7.209157996252132 39.6238796538677, -7.209157996252132 39.623790450305066, -7.208890444447404 39.623790456542125, -7.208890444447404 39.623968785220015, -7.209157996252132 39.62396885730136, -7.209157996252132 39.624057982220094, -7.209251594398814 39.624057966970796, -7.209251594398814 39.62387963864204));13.01.2025 11:30;13.01.2025;
000000000000000001eb;8;20250113T112431_20250113T112443_T29SPD;1;1.73677E+12;POLYGON ((-7.2097867019454345 39.62325088515441, -7.209697544474901 39.623250938341975, -7.209697544474901 39.623068061337754, -7.20960838712254 39.62306811442507, -7.20960838712254 39.622978909746216, -7.20951914764003 39.6229788894685, -7.20951914764003 39.62334009711908, -7.2097867019454345 39.62334008941751, -7.2097867019454345 39.62325088515441));13.01.2025 11:30;13.01.2025;
000000000000000001f7;8;20250113T112431_20250113T112443_T29SPD;1;1.73677E+12;POLYGON ((-7.340402730819367 39.778387465312605, -7.34022431859079 39.778387509187915, -7.34022431859079 39.778748674695684, -7.340402730819367 39.778748708901716, -7.340402730819367 39.778387465312605));13.01.2025 11:30;13.01.2025;
000000000000000001f9;8;20250113T112431_20250113T112443_T29SPD;1;1.73677E+12;POLYGON ((-7.397265198656417 39.58264632404706, -7.396547245861594 39.58264630072062, -7.396547245861594 39.5827355396643, -7.397265198656417 39.58273548448018, -7.397265198656417 39.58264632404706));13.01.2025 11:30;13.01.2025;
0000000000000000001d;7;20250113T112431_20250113T112443_T29SPD;1;1.73677E+12;POLYGON ((-6.780665113606884 39.76437701797272, -6.780393163455659 39.764377030496014, -6.780393163455659 39.76446616092734, -6.780214778504052 39.764466181118905, -6.780214778504051 39.76455538969461, -6.780571467182085 39.76455535373808, -6.780571467182087 39.76446614520474, -6.780665113606885 39.76446614837176, -6.780665113606884 39.76437701797272));13.01.2025 11:30;13.01.2025;
0000000000000000002f;7;20250113T112431_20250113T112443_T29SPD;1;1.73677E+12;POLYGON ((-6.786502102239424 39.77174339508774, -6.7858733261002 39.77174341110124, -6.7858733261002 39.771832608388934, -6.786502102239424 39.77183259230063, -6.786502102239424 39.77174339508774));13.01.2025 11:30;13.01.2025;
43;7;20250113T112431_20250113T112443_T29SPD;1;1.73677E+12;POLYGON ((-6.792160707816401 39.83803691898583, -6.792071539966998 39.8380369065417, -6.792071539966999 39.837947728557516, -6.791893122905523 39.83794770820512, -6.791893122905523 39.838126064085415, -6.792071539966998 39.83812608439529, -6.792071539966998 39.83830443971069, -6.792160707816401 39.83830445212292, -6.792160707816401 39.83803691898583));13.01.2025 11:30;13.01.2025;
53;7;20250113T112431_20250113T112443_T29SPD;1;1.73677E+12;POLYGON ((-6.794947612193662 39.75602061486688, -6.7948584405166415 39.75602067330581, -6.7948584405166415 39.75628817383335, -6.794675602181468 39.756288162566214, -6.794675602181468 39.7564709826616, -6.794764773607394 39.7564710025892, -6.794764773607394 39.75638186221917, -6.794947612193662 39.75638179504353, -6.794947612193662 39.75602061486688));13.01.2025 11:30;13.01.2025;
82;7;20250113T112431_20250113T112443_T29SPD;1;1.73677E+12;POLYGON ((-6.806982743320568 39.84621039833368, -6.8068935551226115 39.84621039967111, -6.806893555122612 39.84612123542385, -6.806625991263028 39.846121238941706, -6.806625991263029 39.84629956736939, -6.806982743320568 39.84629956243968, -6.806982743320568 39.84621039833368));13.01.2025 11:30;13.01.2025;
000000000000000000be;7;20250113T112431_20250113T112443_T29SPD;1;1.73677E+12;POLYGON ((-6.816235355137816 39.754852349669854, -6.815789433671642 39.754852336212664, -6.815789433671643 39.754941554564866, -6.815878634072381 39.75494155643881, -6.815878634072381 39.755124375370954, -6.8159678345954395 39.755124377145975, -6.8159678345954395 39.75494155823569, -6.816235355137816 39.75494156796873, -6.816235355137816 39.754852349669854));13.01.2025 11:30;13.01.2025;
0.00E+00;7;20250113T112431_20250113T112443_T29SPD;1;1.73677E+12;POLYGON ((-6.830339545654161 39.77309006692407, -6.8300719671353125 39.77309010025434, -6.8300719671353125 39.77317929030177, -6.8299827472806705 39.77317922463693, -6.8299827472806705 39.77335760436299, -6.8300719671353125 39.773357591769674, -6.830071967135313 39.77326848021909, -6.8302503254329485 39.773268459638764, -6.8302503254329485 39.77317926974278, -6.830339545654161 39.7731792569395, -6.830339545654161 39.77309006692407));13.01.2025 11:30;13.01.2025;
000000000000000000f3;7;20250113T112431_20250113T112443_T29SPD;1;1.73677E+12;POLYGON ((-6.832136569971689 39.747307592550115, -6.831868984070084 39.74730754301734, -6.831868984070083 39.74739677044115, -6.831775345620275 39.747396728507816, -6.831775345620276 39.74748595581288, -6.832136569971689 39.74748589066446, -6.832136569971689 39.747307592550115));13.01.2025 11:30;13.01.2025;
110;7;20250113T112431_20250113T112443_T29SPD;1;1.73677E+12;POLYGON ((-6.835458586718413 39.79680360253017, -6.835101842089473 39.79680359443265, -6.835101842089473 39.79698190396786, -6.835369359485677 39.79698193205451, -6.835369359485678 39.79689277738408, -6.8354585867184126 39.79689275732012, -6.835458586718413 39.79680360253017));13.01.2025 11:30;13.01.2025;
000000000000000001fb;7;20250113T112431_20250113T112443_T29SPD;1;1.73677E+12;POLYGON ((-7.407418542736793 39.75898596196186, -7.407329372631983 39.75898595365459, -7.407329372631983 39.75871392387612, -7.40724020264338 39.75871391545591, -7.40724020264338 39.75916430046447, -7.407418542736793 39.759164317110184, -7.407418542736793 39.75898596196186));13.01.2025 11:30;13.01.2025;
000000000000000001ff;7;20250113T112431_20250113T112443_T29SPD;1;1.73677E+12;POLYGON ((-7.419725626462197 39.73392135051086, -7.4193645099574255 39.733921313606665, -7.4193645099574255 39.73401048707948, -7.4194536132361 39.73401049345044, -7.4194536132361 39.734104125445086, -7.419725626462197 39.73410415589404, -7.419725626462197 39.73392135051086));13.01.2025 11:30;13.01.2025;
200;7;20250113T112431_20250113T112443_T29SPD;1;1.73677E+12;POLYGON ((-7.422418920953604 39.75565942418163, -7.42179022308354 39.755659419983765, -7.42179022308354 39.75575309676953, -7.422418920953604 39.7557531008814, -7.422418920953604 39.75565942418163));13.01.2025 11:30;13.01.2025;
17;6;20250113T112431_20250113T112443_T29SPD;1;1.73677E+12;POLYGON ((-6.777160247282567 39.76554084729833, -6.7768927242350925 39.76554082796476, -6.7768927242350925 39.76572362474943, -6.777160247282567 39.7657236440178, -6.777160247282567 39.76554084729833));13.01.2025 11:30;13.01.2025;
24;6;20250113T112431_20250113T112443_T29SPD;1;1.73677E+12;POLYGON ((-6.782011806641334 39.766173983105496, -6.781739769125993 39.766174004603705, -6.781739769125993 39.766352338030025, -6.782011806641334 39.7663523947178, -6.782011806641334 39.766173983105496));13.01.2025 11:30;13.01.2025;
80;6;20250113T112431_20250113T112443_T29SPD;1;1.73677E+12;POLYGON ((-6.806536803554597 39.75799602796903, -6.806354014096474 39.75799603300162, -6.806354014096475 39.758178845140606, -6.80626482676125 39.75817883542572, -6.80626482676125 39.758268050066185, -6.806443201554085 39.758267991139235, -6.806443201554086 39.75817885477848, -6.806536803554597 39.75817884006333, -6.806536803554597 39.75799602796903));13.01.2025 11:30;13.01.2025;
000000000000000000ae;6;20250113T112431_20250113T112443_T29SPD;1;1.73677E+12;POLYGON ((-6.813809641416524 39.839115952151566, -6.813631246412251 39.8391159648576, -6.813631246412251 39.839383563729854, -6.813809641416524 39.839383550959965, -6.813809641416524 39.839115952151566));13.01.2025 11:30;13.01.2025;
000000000000000000f5;6;20250113T112431_20250113T112443_T29SPD;1;1.73677E+12;POLYGON ((-6.832136569971689 39.81270474915845, -6.831868984070083 39.81270472316655, -6.831868984070083 39.81288306520263, -6.832136569971689 39.81288309113039, -6.832136569971689 39.81270474915845));13.01.2025 11:30;13.01.2025;
101;6;20250113T112431_20250113T112443_T29SPD;1;1.73677E+12;POLYGON ((-6.834022705567687 39.82626935593431, -6.8338443369402 39.82626931753389, -6.833844336940199 39.826358507627184, -6.833665968801072 39.82635846893983, -6.833665968801072 39.82644765892401, -6.834022705567687 39.82644765777935, -6.834022705567687 39.82626935593431));13.01.2025 11:30;13.01.2025;
113;6;20250113T112431_20250113T112443_T29SPD;1;1.73677E+12;POLYGON ((-6.83555223046255 39.790783822055765, -6.835369359485678 39.790783808282185, -6.835369359485678 39.79069464456146, -6.835280214159781 39.790694580772566, -6.835280214159781 39.790877444495635, -6.835369359485678 39.79087743004883, -6.835369359485679 39.79096659350268, -6.83555223046255 39.79096660723133, -6.83555223046255 39.790783822055765));13.01.2025 11:30;13.01.2025;
0000000000000000014a;6;20250113T112431_20250113T112443_T29SPD;1;1.73677E+12;POLYGON ((-6.844621998865848 39.73463927794371, -6.844354443491502 39.73463925138735, -6.844354443491501 39.73482204565929, -6.844621998865848 39.73482207214975, -6.844621998865848 39.73463927794371));13.01.2025 11:30;13.01.2025;
0000000000000000015b;6;20250113T112431_20250113T112443_T29SPD;1;1.73677E+12;POLYGON ((-6.850463420975969 39.754584835692185, -6.850285089164104 39.75458480364633, -6.850285089164104 39.754495588908306, -6.850191424256343 39.7544956428416, -6.850191424256343 39.75485234454181, -6.850285089164104 39.754852368821986, -6.850285089164104 39.7546740182543, -6.850463420975969 39.754673972020335, -6.850463420975969 39.754584835692185));13.01.2025 11:30;13.01.2025;
0000000000000000016f;6;20250113T112431_20250113T112443_T29SPD;1;1.73677E+12;POLYGON ((-6.856839921558589 39.77641214138905, -6.856750746878416 39.776412094426405, -6.856750746878417 39.77623373003589, -6.8566615723200695 39.77623376120471, -6.8566615723200695 39.776590489507974, -6.856839921558589 39.77659050523753, -6.856839921558589 39.77641214138905));13.01.2025 11:30;13.01.2025;
176;6;20250113T112431_20250113T112443_T29SPD;1;1.73677E+12;POLYGON ((-6.857647080673395 39.77488710270412, -6.857468647417026 39.77488709279762, -6.857468647417026 39.77479344931198, -6.857290296460645 39.7747934342367, -6.857290296460646 39.77497626190502, -6.857647080673395 39.774976286821335, -6.857647080673395 39.77488710270412));13.01.2025 11:30;13.01.2025;
000000000000000001ad;6;20250113T112431_20250113T112443_T29SPD;1;1.73677E+12;POLYGON ((-6.873820181510837 39.72646572241932, -6.873548169321201 39.72646571244764, -6.8735481693212 39.72664406127023, -6.873820181510837 39.72664407117631, -6.873820181510837 39.72646572241932));13.01.2025 11:30;13.01.2025;
000000000000000001bd;6;20250113T112431_20250113T112443_T29SPD;1;1.73677E+12;POLYGON ((-6.884869873868408 39.73895120165221, -6.88459789756178 39.73895122054694, -6.884597897561779 39.739133992027575, -6.884869873868409 39.73913405134021, -6.884869873868408 39.73895120165221));13.01.2025 11:30;13.01.2025;
000000000000000001dc;6;20250113T112431_20250113T112443_T29SPD;1;1.73677E+12;POLYGON ((-7.05447176728534 39.70858920996978, -7.054199746583391 39.70858915597607, -7.054199746583392 39.7087675126459, -7.05447176728534 39.708767566572135, -7.05447176728534 39.70858920996978));13.01.2025 11:30;13.01.2025;
000000000000000001de;6;20250113T112431_20250113T112443_T29SPD;1;1.73677E+12;POLYGON ((-7.055907628363202 39.70823245368605, -7.055635601777453 39.708232481645894, -7.055635601777453 39.70841083899675, -7.055907628363202 39.70841081096964, -7.055907628363202 39.70823245368605));13.01.2025 11:30;13.01.2025;
000000000000000001df;6;20250113T112431_20250113T112443_T29SPD;1;1.73677E+12;POLYGON ((-7.058155029105273 39.652533807571515, -7.057882993311424 39.65253382045084, -7.057882993311424 39.65271664902652, -7.058155029105273 39.65271663607817, -7.058155029105273 39.652533807571515));13.01.2025 11:30;13.01.2025;
1.00E+06;6;20250113T112431_20250113T112443_T29SPD;1;1.73677E+12;POLYGON ((-7.1823899989233215 39.634746442397784, -7.182122471476971 39.63474646664539, -7.182122471476971 39.634929316169206, -7.1823899989233215 39.63492929185253, -7.1823899989233215 39.634746442397784));13.01.2025 11:30;13.01.2025;
219;6;20250113T112431_20250113T112443_T29SPD;1;1.73677E+12;POLYGON ((-7.527074027827599 39.701222723402694, -7.5268957077441065 39.70122272207036, -7.5268957077441065 39.70149472445203, -7.527074027827599 39.70149472571251, -7.527074027827599 39.701222723402694));13.01.2025 11:30;13.01.2025;
0000000000000000021a;6;20250113T112431_20250113T112443_T29SPD;1;1.73677E+12;POLYGON ((-7.534797182957217 39.665741655115795, -7.534529673134665 39.66574165910122, -7.534529673134665 39.66592001713486, -7.534797182957217 39.665920013078676, -7.534797182957217 39.665741655115795));13.01.2025 11:30;13.01.2025;
0000000000000000021b;6;20250113T112431_20250113T112443_T29SPD;1;1.73677E+12;POLYGON ((-7.535069239110983 39.6655588469075, -7.534797182957217 39.66555883375269, -7.534797182957217 39.665741655115795, -7.535069239110983 39.6657416681968, -7.535069239110983 39.6655588469075));13.01.2025 11:30;13.01.2025;
0000000000000000021d;6;20250113T112431_20250113T112443_T29SPD;1;1.73677E+12;POLYGON ((-7.535965494851405 39.665023766526474, -7.53569798051179 39.66502377327797, -7.53569798051179 39.66520213308257, -7.535965494851405 39.66520212626032, -7.535965494851405 39.665023766526474));13.01.2025 11:30;13.01.2025;
1;5;20250113T112431_20250113T112443_T29SPD;1;1.73677E+12;POLYGON ((-6.764402817113877 39.7578176600402, -6.764313605732871 39.757817618830686, -6.764313605732872 39.75772847680466, -6.76422439447475 39.757728513770935, -6.764224394474751 39.75790687597744, -6.764313605732872 39.7579068389901, -6.764313605732872 39.758085200655664, -6.764402817113878 39.75808516357026, -6.764402817113877 39.7578176600402));13.01.2025 11:30;13.01.2025;
8;5;20250113T112431_20250113T112443_T29SPD;1;1.73677E+12;POLYGON ((-6.766828564139382 39.75871393634416, -6.766650216516364 39.75871393174778, -6.766650216516364 39.75880761124841, -6.766561002039899 39.75880757209788, -6.766561002039899 39.75889679054721, -6.766828564139381 39.75889675597834, -6.766828564139382 39.75871393634416));13.01.2025 11:30;13.01.2025;
9;5;20250113T112431_20250113T112443_T29SPD;1;1.73677E+12;POLYGON ((-6.767368103410413 39.768688916031444, -6.767278887945268 39.7686889569289, -6.7672788879452686 39.76859529263829, -6.767189754301962 39.76859532868095, -6.767189754301962 39.76886732253045, -6.767368103410413 39.76886732378609, -6.767368103410413 39.768688916031444));13.01.2025 11:30;13.01.2025;
0000000000000000002c;5;20250113T112431_20250113T112443_T29SPD;1;1.73677E+12;POLYGON ((-6.785605848833498 39.7642833168683, -6.78533379624608 39.76428334714815, -6.78533379624608 39.76437701578989, -6.78542295483861 39.764376964586475, -6.78542295483861 39.764466172672805, -6.785605848833498 39.76446619354064, -6.785605848833498 39.7642833168683));13.01.2025 11:30;13.01.2025;
34;5;20250113T112431_20250113T112443_T29SPD;1;1.73677E+12;POLYGON ((-6.788566629465552 39.669152932180765, -6.788388303763852 39.669152860674, -6.788388303763852 39.66933123968559, -6.788477466553451 39.66933127545611, -6.788477466553451 39.669424932056316, -6.788566629465552 39.669424889365025, -6.788566629465552 39.669152932180765));13.01.2025 11:30;13.01.2025;
39;5;20250113T112431_20250113T112443_T29SPD;1;1.73677E+12;POLYGON ((-6.789917736357387 39.67247938385057, -6.789645747419727 39.67247938739973, -6.789645747419727 39.67265775646585, -6.789824158304005 39.67265774181312, -6.789824158304005 39.67256855736594, -6.7899177363573875 39.6725685684159, -6.789917736357387 39.67247938385057));13.01.2025 11:30;13.01.2025;
0000000000000000003c;5;20250113T112431_20250113T112443_T29SPD;1;1.73677E+12;POLYGON ((-6.791621125690373 39.837947698782095, -6.791353624733096 39.83794773794623, -6.7913536247330955 39.83803691601584, -6.791442791596374 39.838036850922386, -6.791442791596374 39.83812602885088, -6.791621125690374 39.83812605472716, -6.791621125690373 39.837947698782095));13.01.2025 11:30;13.01.2025;
0000000000000000007c;5;20250113T112431_20250113T112443_T29SPD;1;1.73677E+12;POLYGON ((-6.806354014096475 39.86265115934109, -6.806175639548414 39.86265108664827, -6.806175639548413 39.86274030488287, -6.805997265489889 39.86274031002757, -6.805997265489889 39.862829450028144, -6.80626482676125 39.862829520287946, -6.80626482676125 39.862740302194894, -6.806354014096474 39.862740299429824, -6.806354014096475 39.86265115934109));13.01.2025 11:30;13.01.2025;
0000000000000000008b;5;20250113T112431_20250113T112443_T29SPD;1;1.73677E+12;POLYGON ((-6.807972650610797 39.75799604382241, -6.807700667809409 39.75799604290034, -6.80770066780941 39.75808517937741, -6.80779427162074 39.75808524179256, -6.80779427162074 39.75817883885483, -6.807972650610798 39.7581788555654, -6.807972650610797 39.75799604382241));13.01.2025 11:30;13.01.2025;
000000000000000000a3;5;20250113T112431_20250113T112443_T29SPD;1;1.73677E+12;POLYGON ((-6.8127349456457695 39.7556594413003, -6.8125521387602355 39.75565945673445, -6.812552138760234 39.75557023904187, -6.812462942921676 39.755570234369266, -6.812462942921677 39.755659452072514, -6.8123738289613325 39.75565944253175, -6.8123738289613325 39.75575312099138, -6.8127349456457695 39.75575311971462, -6.8127349456457695 39.7556594413003));13.01.2025 11:30;13.01.2025;
000000000000000000ab;5;20250113T112431_20250113T112443_T29SPD;1;1.73677E+12;POLYGON ((-6.813542049093617 39.84028428488955, -6.813270042993721 39.84028425042055, -6.813270042993722 39.84037342245623, -6.813180927927377 39.84037342372643, -6.813180927927377 39.84046259564215, -6.813363736580477 39.84046263652492, -6.813363736580477 39.840373464631085, -6.813542049093617 39.84037345689269, -6.813542049093617 39.84028428488955));13.01.2025 11:30;13.01.2025;
000000000000000000ad;5;20250113T112431_20250113T112443_T29SPD;1;1.73677E+12;POLYGON ((-6.813542049093617 39.84064097211863, -6.813270042993721 39.84064101593186, -6.813270042993722 39.84073018744505, -6.8133637365804764 39.8407301514229, -6.8133637365804764 39.840823855603816, -6.813542049093617 39.840823847757974, -6.813542049093617 39.84064097211863));13.01.2025 11:30;13.01.2025;
000000000000000000b2;5;20250113T112431_20250113T112443_T29SPD;1;1.73677E+12;POLYGON ((-6.814259964254745 39.83857639946212, -6.814170847831962 39.83857640137282, -6.814170847831961 39.83875482825497, -6.813992451836901 39.83875476334477, -6.813992451836901 39.83884401568838, -6.814259964254746 39.83884400048021, -6.814259964254745 39.83857639946212));13.01.2025 11:30;13.01.2025;
000000000000000000bd;5;20250113T112431_20250113T112443_T29SPD;1;1.73677E+12;POLYGON ((-6.815606618200498 39.7655408097071, -6.815517499932603 39.7655408040606, -6.815517499932603 39.76581279394674, -6.815428300027097 39.7658127930603, -6.815428300027097 39.765901995474486, -6.815606618200498 39.76590200195361, -6.815606618200498 39.7655408097071));13.01.2025 11:30;13.01.2025;
0.00E+00;5;20250113T112431_20250113T112443_T29SPD;1;1.73677E+12;POLYGON ((-6.8294432600762525 39.751441159800684, -6.829171269283075 39.751441129981686, -6.829171269283075 39.75161949503317, -6.829354041082932 39.751619534236845, -6.829354041082931 39.7515303126657, -6.8294432600762525 39.75153030322649, -6.8294432600762525 39.751441159800684));13.01.2025 11:30;13.01.2025;
0.00E+00;5;20250113T112431_20250113T112443_T29SPD;1;1.73677E+12;POLYGON ((-6.829889111542675 39.77344683191597, -6.829799973716304 39.7734468395459, -6.8297999737163035 39.77335764985622, -6.829710754234287 39.77335766221444, -6.829710754234287 39.773629612157414, -6.829889111542675 39.77362967035117, -6.829889111542675 39.77344683191597));13.01.2025 11:30;13.01.2025;
0.00E+00;5;20250113T112431_20250113T112443_T29SPD;1;1.73677E+12;POLYGON ((-6.829799973716304 39.80560586427113, -6.829710754234287 39.805605880484165, -6.829710754234287 39.805699480232875, -6.829532397414372 39.80569950763312, -6.829532397414371 39.80578865013876, -6.829710754234287 39.8057887009123, -6.829710754234288 39.80587784326629, -6.829799973716304 39.805877827020765, -6.829799973716304 39.80560586427113));13.01.2025 11:30;13.01.2025;
000000000000000000fc;5;20250113T112431_20250113T112443_T29SPD;1;1.73677E+12;POLYGON ((-6.833304817750763 39.81216514309031, -6.833215675249786 39.812165158297525, -6.833215675249785 39.812254369101574, -6.832943668702632 39.81225437144877, -6.832943668702631 39.812343503968556, -6.833304817750763 39.812343564546616, -6.833304817750763 39.81216514309031));13.01.2025 11:30;13.01.2025;
000000000000000000ff;5;20250113T112431_20250113T112443_T29SPD;1;1.73677E+12;POLYGON ((-6.833755193700953 39.79833304658801, -6.833665968801072 39.79833306535138, -6.833665968801071 39.79842221812239, -6.833483184901058 39.7984221980648, -6.833483184901058 39.79851142893156, -6.833572327768093 39.79851141512464, -6.833572327768091 39.798600567646396, -6.833665968801072 39.798600601477695, -6.833665968801072 39.79851144896721, -6.833755193700954 39.79851143018252, -6.833755193700953 39.79833304658801));13.01.2025 11:30;13.01.2025;
102;5;20250113T112431_20250113T112443_T29SPD;1;1.73677E+12;POLYGON ((-6.834201074683539 39.798243891441764, -6.833755193700953 39.798243893697446, -6.833755193700953 39.79833304658801, -6.834201074683538 39.79833304427892, -6.834201074683539 39.798243891441764));13.01.2025 11:30;13.01.2025;
0000000000000000011f;5;20250113T112431_20250113T112443_T29SPD;1;1.73677E+12;POLYGON ((-6.835998123743648 39.80174424349209, -6.835908895772058 39.8017442646025, -6.835908895772058 39.80165511695216, -6.835730603765867 39.80165507107739, -6.835730603765867 39.80183344449024, -6.835998123743649 39.80183346920107, -6.835998123743648 39.80174424349209));13.01.2025 11:30;13.01.2025;
128;5;20250113T112431_20250113T112443_T29SPD;1;1.73677E+12;POLYGON ((-6.836898834207178 39.788451682895285, -6.836626812282761 39.78845168625445, -6.836626812282762 39.788540853098986, -6.836720457705838 39.788540885429484, -6.836720457705839 39.78863005213258, -6.836898834207178 39.78863001638903, -6.836898834207178 39.788451682895285));13.01.2025 11:30;13.01.2025;
0000000000000000014b;5;20250113T112431_20250113T112443_T29SPD;1;1.73677E+12;POLYGON ((-6.844621998865848 39.735000403616304, -6.844532840884502 39.73500041937055, -6.844532840884502 39.73491125369147, -6.844354443491502 39.734911289773834, -6.844354443491502 39.73508962104496, -6.844621998865848 39.73508964743897, -6.844621998865848 39.735000403616304));13.01.2025 11:30;13.01.2025;
000000000000000001bc;5;20250113T112431_20250113T112443_T29SPD;1;1.73677E+12;POLYGON ((-6.883251209992925 39.74865420791395, -6.883072870500327 39.74865422626239, -6.883072870500327 39.74874336730189, -6.882890030056711 39.748743417709484, -6.882890030056711 39.74883255864121, -6.883161999263529 39.748832540614245, -6.883161999263529 39.74874339971531, -6.883251209992925 39.748743348931974, -6.883251209992925 39.74865420791395));13.01.2025 11:30;13.01.2025;
000000000000000001ce;5;20250113T112431_20250113T112443_T29SPD;1;1.73677E+12;POLYGON ((-6.9443364358845825 39.75763931255931, -6.944068882374149 39.757639293862326, -6.944068882374149 39.75772849267346, -6.9441580940636065 39.75772847125542, -6.9441580940636065 39.75781766992571, -6.944336435884582 39.75781763174198, -6.9443364358845825 39.75763931255931));13.01.2025 11:30;13.01.2025;
000000000000000001d8;5;20250113T112431_20250113T112443_T29SPD;1;1.73677E+12;POLYGON ((-6.994015283169584 39.81378383945808, -6.99392165887685 39.813783860363365, -6.993921658876851 39.81351183714442, -6.993832461775715 39.813511825325705, -6.993832461775716 39.81387303754699, -6.994015283169586 39.81387302840461, -6.994015283169584 39.81378383945808));13.01.2025 11:30;13.01.2025;
000000000000000001f8;5;20250113T112431_20250113T112443_T29SPD;1;1.73677E+12;POLYGON ((-7.396101302413494 39.58291390184396, -7.395650990731414 39.58291390638178, -7.395650990731414 39.583007536410896, -7.396101302413494 39.58300753181168, -7.396101302413494 39.58291390184396));13.01.2025 11:30;13.01.2025;
207;5;20250113T112431_20250113T112443_T29SPD;1;1.73677E+12;POLYGON ((-7.431132013171267 39.63825133919567, -7.430953693842413 39.63825132699625, -7.430953693842413 39.63852333294243, -7.431042894707391 39.63852333640173, -7.431042894707391 39.6384297169913, -7.431132013171267 39.63842972567262, -7.431132013171267 39.63825133919567));13.01.2025 11:30;13.01.2025;
211;5;20250113T112431_20250113T112443_T29SPD;1;1.73677E+12;POLYGON ((-7.4620336376887 39.60034454060568, -7.4618552380843095 39.60034449384395, -7.4618552380843095 39.60061202971349, -7.46194439655154 39.600612016559715, -7.46194439655154 39.60052289033505, -7.4620336376887 39.60052287180477, -7.4620336376887 39.60034454060568));13.01.2025 11:30;13.01.2025;
5;4;20250113T112431_20250113T112443_T29SPD;1;1.73677E+12;POLYGON ((-6.76574941738158 39.7596146749252, -6.76548185973962 39.759614706954274, -6.76548185973962 39.75970384609392, -6.765571072729781 39.75970388606949, -6.76557107272978 39.75979302506863, -6.76566028584282 39.759793064956526, -6.76566028584282 39.75970384770721, -6.76574941738158 39.75970389229397, -6.76574941738158 39.7596146749252));13.01.2025 11:30;13.01.2025;
0000000000000000000f;4;20250113T112431_20250113T112443_T29SPD;1;1.73677E+12;POLYGON ((-6.769526305429602 39.76841696020176, -6.769254320302894 39.76841694963207, -6.769254320302894 39.76850615374733, -6.769432675094905 39.76850615152401, -6.7694326750949045 39.76859527723895, -6.769526305429603 39.768595289988546, -6.769526305429602 39.76841696020176));13.01.2025 11:30;13.01.2025;
13;4;20250113T112431_20250113T112443_T29SPD;1;1.73677E+12;POLYGON ((-6.774016635217966 39.76787740179652, -6.773744631244822 39.76787740285545, -6.7737446312448215 39.76796660722459, -6.773927410598718 39.76796657443841, -6.773927410598718 39.76806023886322, -6.774016635217965 39.76806019229774, -6.774016635217966 39.76787740179652));13.01.2025 11:30;13.01.2025;
0000000000000000002a;4;20250113T112431_20250113T112443_T29SPD;1;1.73677E+12;POLYGON ((-6.784348320019748 39.76410498280463, -6.784165511290249 39.76410495484178, -6.784165511290249 39.76428337197696, -6.784348320019748 39.76428332164325, -6.784348320019748 39.76410498280463));13.01.2025 11:30;13.01.2025;
36;4;20250113T112431_20250113T112443_T29SPD;1;1.73677E+12;POLYGON ((-6.789378254603259 39.67319730281687, -6.789195349975682 39.67319726630749, -6.7891953499756825 39.67337563339905, -6.7893782546032595 39.673375669864754, -6.789378254603259 39.67319730281687));13.01.2025 11:30;13.01.2025;
42;4;20250113T112431_20250113T112443_T29SPD;1;1.73677E+12;POLYGON ((-6.7922498757882845 39.76060013739412, -6.792071539966997 39.76060017236198, -6.792071539966998 39.76078298021034, -6.7922498757882845 39.76078294519905, -6.7922498757882845 39.76060013739412));13.01.2025 11:30;13.01.2025;
0000000000000000004e;4;20250113T112431_20250113T112443_T29SPD;1;1.73677E+12;POLYGON ((-6.794497259696994 39.75431283183478, -6.7943189177023715 39.754312790925056, -6.7943189177023715 39.754495617008416, -6.794497259696994 39.75449565787447, -6.794497259696994 39.75431283183478));13.01.2025 11:30;13.01.2025;
51;4;20250113T112431_20250113T112443_T29SPD;1;1.73677E+12;POLYGON ((-6.794764773607394 39.761050482879035, -6.794675602181467 39.7610505417544, -6.794675602181468 39.76113967533395, -6.794497259696994 39.76113971461885, -6.794497259696994 39.761233308672644, -6.794764773607394 39.76123336698019, -6.794764773607394 39.761050482879035));13.01.2025 11:30;13.01.2025;
54;4;20250113T112431_20250113T112443_T29SPD;1;1.73677E+12;POLYGON ((-6.794947612193662 39.75692140912586, -6.794764773607394 39.75692139817138, -6.794764773607394 39.75709975547089, -6.794947612193661 39.75709976638177, -6.794947612193662 39.75692140912586));13.01.2025 11:30;13.01.2025;
55;4;20250113T112431_20250113T112443_T29SPD;1;1.73677E+12;POLYGON ((-6.795125955915076 39.754852341441435, -6.79503678399314 39.75485232163237, -6.79503678399314 39.754763178937054, -6.794947612193661 39.75476315904034, -6.794947612193662 39.754852380010256, -6.7948584405166415 39.75485236004722, -6.7948584405166415 39.754941502633876, -6.7951259559150765 39.75494156226009, -6.795125955915076 39.754852341441435));13.01.2025 11:30;13.01.2025;
58;4;20250113T112431_20250113T112443_T29SPD;1;1.73677E+12;POLYGON ((-6.798269691785215 39.832289099451636, -6.797912905827368 39.832289072374856, -6.797912905827369 39.83237825794884, -6.798269691785216 39.83237828498308, -6.798269691785215 39.832289099451636));13.01.2025 11:30;13.01.2025;
0000000000000000005f;4;20250113T112431_20250113T112443_T29SPD;1;1.73677E+12;POLYGON ((-6.799977468987269 39.759342635037974, -6.799705519647884 39.759342691805855, -6.799705519647884 39.75943628795731, -6.7998882904039615 39.759436294341064, -6.7998882904039615 39.75952550790893, -6.799977468987269 39.759525522970264, -6.799977468987269 39.759342635037974));13.01.2025 11:30;13.01.2025;
68;4;20250113T112431_20250113T112443_T29SPD;1;1.73677E+12;POLYGON ((-6.802670785272683 39.86588393592784, -6.802492420834289 39.865883935763705, -6.802492420834289 39.86606236349332, -6.802670785272682 39.86606236361494, -6.802670785272683 39.86588393592784));13.01.2025 11:30;13.01.2025;
89;4;20250113T112431_20250113T112443_T29SPD;1;1.73677E+12;POLYGON ((-6.80779427162074 39.86265110819763, -6.8074331006274305 39.86265114862154, -6.8074331006274305 39.86274028858165, -6.80779427162074 39.86274032623906, -6.80779427162074 39.86265110819763));13.01.2025 11:30;13.01.2025;
94;4;20250113T112431_20250113T112443_T29SPD;1;1.73677E+12;POLYGON ((-6.81057677799514 39.75709970379673, -6.810398391859666 39.75709976958667, -6.810398391859665 39.75727812263754, -6.8105767779951405 39.757278135064404, -6.81057677799514 39.75709970379673));13.01.2025 11:30;13.01.2025;
97;4;20250113T112431_20250113T112443_T29SPD;1;1.73677E+12;POLYGON ((-6.811205548061047 39.84683914418477, -6.810848772829357 39.84683916397071, -6.810848772829357 39.84692832669446, -6.8112055480610465 39.84692830686599, -6.811205548061047 39.84683914418477));13.01.2025 11:30;13.01.2025;
0000000000000000009b;4;20250113T112431_20250113T112443_T29SPD;1;1.73677E+12;POLYGON ((-6.811745047598241 39.84576451982307, -6.8115667400124496 39.84576452574256, -6.8115667400124496 39.845942854036515, -6.811745047598241 39.845942848074486, -6.811745047598241 39.84576451982307));13.01.2025 11:30;13.01.2025;
0000000000000000009c;4;20250113T112431_20250113T112443_T29SPD;1;1.73677E+12;POLYGON ((-6.811923437428286 39.84495296036571, -6.811745047598241 39.84495297120386, -6.811745047598241 39.845135756184504, -6.811923437428286 39.84513574530274, -6.811923437428286 39.84495296036571));13.01.2025 11:30;13.01.2025;
000000000000000000a7;4;20250113T112431_20250113T112443_T29SPD;1;1.73677E+12;POLYGON ((-6.812913338191393 39.841809320609485, -6.81273494564577 39.8418092542581, -6.8127349456457695 39.84198767201026, -6.812913338191393 39.8419876601684, -6.812913338191393 39.841809320609485));13.01.2025 11:30;13.01.2025;
000000000000000000c1;4;20250113T112431_20250113T112443_T29SPD;1;1.73677E+12;POLYGON ((-6.817225321529857 39.764377032416824, -6.817046917157413 39.7643770331748, -6.817046917157413 39.7645553634247, -6.817225321529857 39.764555362624094, -6.817225321529857 39.764377032416824));13.01.2025 11:30;13.01.2025;
000000000000000000c7;4;20250113T112431_20250113T112443_T29SPD;1;1.73677E+12;POLYGON ((-6.817853992349576 39.755302698642375, -6.8177648710028445 39.75530269371228, -6.817764871002844 39.75548105024049, -6.8176756680156565 39.755481050060695, -6.8176756680156565 39.75557026727087, -6.817853992349577 39.75557027233811, -6.817853992349576 39.755302698642375));13.01.2025 11:30;13.01.2025;
000000000000000000d2;4;20250113T112431_20250113T112443_T29SPD;1;1.73677E+12;POLYGON ((-6.821358847428701 39.76239714979907, -6.821265224093678 39.76239717848029, -6.821265224093678 39.762490767257646, -6.821086890410692 39.76249076973735, -6.821086890410692 39.76257997631953, -6.8213588474287 39.76257994511441, -6.821358847428701 39.76239714979907));13.01.2025 11:30;13.01.2025;
000000000000000000d6;4;20250113T112431_20250113T112443_T29SPD;1;1.73677E+12;POLYGON ((-6.824413331501428 39.751530356929635, -6.82423057357066 39.7515303089569, -6.82423057357066 39.751708674931265, -6.824413331501428 39.75170872286013, -6.824413331501428 39.751530356929635));13.01.2025 11:30;13.01.2025;
000000000000000000eb;4;20250113T112431_20250113T112443_T29SPD;1;1.73677E+12;POLYGON ((-6.830611541326635 39.75036203881628, -6.830428684219043 39.75036200634546, -6.830428684219043 39.750540374239925, -6.830611541326634 39.75054040666685, -6.830611541326635 39.75036203881628));13.01.2025 11:30;13.01.2025;
000000000000000000ee;4;20250113T112431_20250113T112443_T29SPD;1;1.73677E+12;POLYGON ((-6.831775345620276 39.749733345243484, -6.831418621160894 39.749733301840116, -6.831418621160894 39.74982252578288, -6.831775345620276 39.749822490876916, -6.831775345620276 39.749733345243484));13.01.2025 11:30;13.01.2025;
103;4;20250113T112431_20250113T112443_T29SPD;1;1.73677E+12;POLYGON ((-6.834111930956158 39.80336294520334, -6.833755193700953 39.803362935594684, -6.833755193700953 39.80345208100829, -6.834111930956159 39.80345209057421, -6.834111930956158 39.80336294520334));13.01.2025 11:30;13.01.2025;
118;4;20250113T112431_20250113T112443_T29SPD;1;1.73677E+12;POLYGON ((-6.835730603765867 39.74784706876297, -6.835552230462551 39.74784709273144, -6.835552230462551 39.74802546672504, -6.835730603765867 39.74802544271388, -6.835730603765867 39.74784706876297));13.01.2025 11:30;13.01.2025;
124;4;20250113T112431_20250113T112443_T29SPD;1;1.73677E+12;POLYGON ((-6.836720457705838 39.80084802247391, -6.836359289723821 39.800847968262886, -6.836359289723821 39.80093719523885, -6.836720457705838 39.800937171205916, -6.836720457705838 39.80084802247391));13.01.2025 11:30;13.01.2025;
0000000000000000014d;4;20250113T112431_20250113T112443_T29SPD;1;1.73677E+12;POLYGON ((-6.845072371229334 39.736708266160385, -6.844894054156951 39.73670829877882, -6.844894054156953 39.7368866246906, -6.845072371229335 39.73688667031111, -6.845072371229334 39.736708266160385));13.01.2025 11:30;13.01.2025;
174;4;20250113T112431_20250113T112443_T29SPD;1;1.73677E+12;POLYGON ((-6.857379471877923 39.77578334097904, -6.857201121165193 39.775783404218494, -6.857201121165193 39.775694221225194, -6.857111945991567 39.775694174487896, -6.857111945991567 39.77587254036596, -6.857379471877924 39.77587252382087, -6.857379471877923 39.77578334097904));13.01.2025 11:30;13.01.2025;
179;4;20250113T112431_20250113T112443_T29SPD;1;1.73677E+12;POLYGON ((-6.85782985050264 39.7730008947227, -6.857647080673395 39.77300090638323, -6.857647080673395 39.77317927999084, -6.857829850502639 39.773179268286405, -6.85782985050264 39.7730008947227));13.01.2025 11:30;13.01.2025;
194;4;20250113T112431_20250113T112443_T29SPD;1;1.73677E+12;POLYGON ((-6.865553038756097 39.77605535189885, -6.865374665717535 39.77605535110289, -6.8653746657175345 39.77623371393931, -6.865553038756097 39.77623371469235, -6.865553038756097 39.77605535189885));13.01.2025 11:30;13.01.2025;
0000000000000000019c;4;20250113T112431_20250113T112443_T29SPD;1;1.73677E+12;POLYGON ((-6.869508299637907 39.723861621171395, -6.869325415296858 39.72386156796, -6.869325415296859 39.72395082502803, -6.869236223566775 39.72395078250541, -6.869236223566775 39.724039961158816, -6.869419107658193 39.724039936188575, -6.869419107658193 39.723950757557155, -6.869508299637907 39.72395079992171, -6.869508299637907 39.723861621171395));13.01.2025 11:30;13.01.2025;
000000000000000001a1;4;20250113T112431_20250113T112443_T29SPD;1;1.73677E+12;POLYGON ((-6.8701369838069715 39.770213931657274, -6.869864986946189 39.770213928058155, -6.869864986946189 39.77030311752199, -6.870047790969142 39.7703031631173, -6.870047790969143 39.770392352428956, -6.8701369838069715 39.77039231038933, -6.8701369838069715 39.770213931657274));13.01.2025 11:30;13.01.2025;
000000000000000001a3;4;20250113T112431_20250113T112443_T29SPD;1;1.73677E+12;POLYGON ((-6.870404563050897 39.76967444121267, -6.8702261767665425 39.76967436903136, -6.870226176766543 39.769852749315866, -6.870404563050897 39.769852743217186, -6.870404563050897 39.76967444121267));13.01.2025 11:30;13.01.2025;
000000000000000001a6;4;20250113T112431_20250113T112443_T29SPD;1;1.73677E+12;POLYGON ((-6.871751149723329 39.73185674065516, -6.8715728415934185 39.731856735079795, -6.8715728415934185 39.73203514697935, -6.871751149723329 39.73203515251172, -6.871751149723329 39.73185674065516));13.01.2025 11:30;13.01.2025;
000000000000000001b5;4;20250113T112431_20250113T112443_T29SPD;1;1.73677E+12;POLYGON ((-6.874988521106631 39.72646569477269, -6.874894820761128 39.72646568932344, -6.874894820761128 39.7265548636373, -6.874716504055383 39.72655486221607, -6.874716504055382 39.72664411471333, -6.874988521106632 39.7266440432481, -6.874988521106631 39.72646569477269));13.01.2025 11:30;13.01.2025;
000000000000000001db;4;20250113T112431_20250113T112443_T29SPD;1;1.73677E+12;POLYGON ((-7.054199746583392 39.7087675126459, -7.054021436182113 39.70876755262787, -7.054021436182113 39.708950371636455, -7.054199746583392 39.70895033160938, -7.054199746583392 39.7087675126459));13.01.2025 11:30;13.01.2025;
1.00E+08;4;20250113T112431_20250113T112443_T29SPD;1;1.73677E+12;POLYGON ((-7.208529214187941 39.622889737305194, -7.208440058384141 39.622889710969915, -7.208440058384141 39.622978915925586, -7.20835090269852 39.622978889524354, -7.20835090269852 39.623068094362395, -7.208440058384141 39.623068120752315, -7.208440058384141 39.62316171513311, -7.208529214187941 39.62316174143387, -7.208529214187941 39.622889737305194));13.01.2025 11:30;13.01.2025;
000000000000000001f6;4;20250113T112431_20250113T112443_T29SPD;1;1.73677E+12;POLYGON ((-7.340585511130435 39.74865420576735, -7.34022431859079 39.74865424231022, -7.34022431859079 39.748743404587046, -7.340585511130435 39.74874336799774, -7.340585511130435 39.74865420576735));13.01.2025 11:30;13.01.2025;
209;4;20250113T112431_20250113T112443_T29SPD;1;1.73677E+12;POLYGON ((-7.435626787104752 39.58498286386913, -7.435443999881929 39.58498289593997, -7.435443999881929 39.58516127841037, -7.435626787104752 39.58516124629187, -7.435626787104752 39.58498286386913));13.01.2025 11:30;13.01.2025;
214;4;20250113T112431_20250113T112443_T29SPD;1;1.73677E+12;POLYGON ((-7.487370253450157 39.70364851185562, -7.487098220009708 39.70364847636247, -7.487098220009708 39.70382689347177, -7.487187411183316 39.70382684487168, -7.487187411183316 39.70373771464657, -7.487370253450157 39.703737642186155, -7.487370253450157 39.70364851185562));13.01.2025 11:30;13.01.2025;
216;4;20250113T112431_20250113T112443_T29SPD;1;1.73677E+12;POLYGON ((-7.494553844392706 39.735450828814194, -7.494375443094627 39.73545079059787, -7.494375443094627 39.73562919154946, -7.494553844392706 39.735629151507126, -7.494553844392706 39.735450828814194));13.01.2025 11:30;13.01.2025;
0000000000000000021e;4;20250113T112431_20250113T112443_T29SPD;1;1.73677E+12;POLYGON ((-7.5362374729557455 39.66484095906216, -7.536148301043794 39.66484096160285, -7.536148301043794 39.66493014177502, -7.535965494851405 39.66493012354448, -7.535965494851405 39.665023766526474, -7.5362374729557455 39.66502378216672, -7.5362374729557455 39.66484095906216));13.01.2025 11:30;13.01.2025;
0000000000000000021f;4;20250113T112431_20250113T112443_T29SPD;1;1.73677E+12;POLYGON ((-7.549619272386812 39.71406944321453, -7.549530083238332 39.714069385683, -7.549530083238332 39.71398020031315, -7.549440894204675 39.713980220924874, -7.549440894204675 39.71424777668099, -7.549530083238332 39.7142477560339, -7.549530083238332 39.71415857092325, -7.549619272386812 39.71415862844287, -7.549619272386812 39.71406944321453));13.01.2025 11:30;13.01.2025;
4;3;20250113T112431_20250113T112443_T29SPD;1;1.73677E+12;POLYGON ((-6.765303515824523 39.75682776423506, -6.765214384899365 39.75682771892052, -6.765214384899365 39.75692140148774, -6.7651206791002245 39.75692138813778, -6.7651206791002245 39.757010531243864, -6.765303515824522 39.75701058987543, -6.765303515824523 39.75682776423506));13.01.2025 11:30;13.01.2025;
6;3;20250113T112431_20250113T112443_T29SPD;1;1.73677E+12;POLYGON ((-6.7661106015269565 39.75970387649542, -6.765843042393053 39.75970383123083, -6.765843042393053 39.75979304845849, -6.766110601526957 39.759793015430624, -6.7661106015269565 39.75970387649542));13.01.2025 11:30;13.01.2025;
0000000000000000000c;3;20250113T112431_20250113T112443_T29SPD;1;1.73677E+12;POLYGON ((-6.7687147653230735 39.76850610780626, -6.768625548003426 39.76850614984515, -6.768625548003426 39.768778143571765, -6.768714765323073 39.768778101500786, -6.7687147653230735 39.76850610780626));13.01.2025 11:30;13.01.2025;
22;3;20250113T112431_20250113T112443_T29SPD;1;1.73677E+12;POLYGON ((-6.781383074022619 39.76491208029338, -6.781111039144331 39.76491209967841, -6.781111039144331 39.765005689632304, -6.78138307402262 39.76500574846575, -6.781383074022619 39.76491208029338));13.01.2025 11:30;13.01.2025;
23;3;20250113T112431_20250113T112443_T29SPD;1;1.73677E+12;POLYGON ((-6.781650615595544 39.76500575635916, -6.78138307402262 39.76500574846575, -6.78138307402262 39.76509487786332, -6.781650615595543 39.765094885724935, -6.781650615595544 39.76500575635916));13.01.2025 11:30;13.01.2025;
27;3;20250113T112431_20250113T112443_T29SPD;1;1.73677E+12;POLYGON ((-6.782279350807712 39.76608040093298, -6.782011806641334 39.766080395051645, -6.782011806641334 39.766173983105496, -6.782279350807712 39.76617398895344, -6.782279350807712 39.76608040093298));13.01.2025 11:30;13.01.2025;
33;3;20250113T112431_20250113T112443_T29SPD;1;1.73677E+12;POLYGON ((-6.788566629465552 39.76230795403213, -6.788477466553451 39.76230800770495, -6.78847746655345 39.76239714019002, -6.788388303763852 39.76239711554141, -6.788388303763852 39.762490786689746, -6.788566629465552 39.762490835887604, -6.788566629465552 39.76230795403213));13.01.2025 11:30;13.01.2025;
40;3;20250113T112431_20250113T112443_T29SPD;1;1.73677E+12;POLYGON ((-6.791982290509856 39.761411674169274, -6.791714788064292 39.76141168697368, -6.791714788064292 39.76150089863529, -6.791982290509856 39.76150088579903, -6.791982290509856 39.761411674169274));13.01.2025 11:30;13.01.2025;
0000000000000000004b;3;20250113T112431_20250113T112443_T29SPD;1;1.73677E+12;POLYGON ((-6.793239803791373 39.75817883900249, -6.7929722144326625 39.758178858696766, -6.792972214432662 39.758267996662596, -6.793239803791372 39.75826805519624, -6.793239803791373 39.75817883900249));13.01.2025 11:30;13.01.2025;
56;3;20250113T112431_20250113T112443_T29SPD;1;1.73677E+12;POLYGON ((-6.79503678399314 39.75575313298017, -6.794947612193662 39.7557531132017, -6.794947612193662 39.75602061486688, -6.79503678399314 39.756020634613385, -6.79503678399314 39.75575313298017));13.01.2025 11:30;13.01.2025;
0000000000000000005e;3;20250113T112431_20250113T112443_T29SPD;1;1.73677E+12;POLYGON ((-6.799977468987269 39.67166782377336, -6.799705519647883 39.67166784872021, -6.799705519647884 39.671757033295656, -6.799977468987269 39.671757008316405, -6.799977468987269 39.67166782377336));13.01.2025 11:30;13.01.2025;
61;3;20250113T112431_20250113T112443_T29SPD;1;1.73677E+12;POLYGON ((-6.80078457751718 39.7598822439977, -6.8006953978258915 39.75988222967602, -6.8006953978258915 39.75997144249743, -6.80060621825702 39.75997142810939, -6.800606218257019 39.76006502318637, -6.800784577517181 39.76006505186307, -6.80078457751718 39.7598822439977));13.01.2025 11:30;13.01.2025;
62;3;20250113T112431_20250113T112443_T29SPD;1;1.73677E+12;POLYGON ((-6.800873757330892 39.7601542003629, -6.80060621825702 39.76015423575188, -6.80060621825702 39.76024336993085, -6.800873757330892 39.76024341276647, -6.800873757330892 39.7601542003629));13.01.2025 11:30;13.01.2025;
67;3;20250113T112431_20250113T112443_T29SPD;1;1.73677E+12;POLYGON ((-6.8023140568855345 39.831388330869125, -6.8022248750947725 39.83138840456941, -6.8022248750947725 39.831299218060174, -6.80213127930486 39.83129915983271, -6.80213127930486 39.8314775327431, -6.8023140568855345 39.83147751723727, -6.8023140568855345 39.831388330869125));13.01.2025 11:30;13.01.2025;
69;3;20250113T112431_20250113T112443_T29SPD;1;1.73677E+12;POLYGON ((-6.802759967675492 39.85357686643127, -6.802670785272682 39.85357686499772, -6.802670785272683 39.853666018825045, -6.802581602992282 39.853666017325054, -6.802581602992282 39.85375970294389, -6.802759967675491 39.85375970584445, -6.802759967675492 39.85357686643127));13.01.2025 11:30;13.01.2025;
0000000000000000007e;3;20250113T112431_20250113T112443_T29SPD;1;1.73677E+12;POLYGON ((-6.806354014096475 39.860675747067155, -6.806086452457957 39.86067575439269, -6.806086452457957 39.860764897408984, -6.806354014096476 39.86076489005156, -6.806354014096475 39.860675747067155));13.01.2025 11:30;13.01.2025;
84;3;20250113T112431_20250113T112443_T29SPD;1;1.73677E+12;POLYGON ((-6.806982743320568 39.86265111303175, -6.806715179093841 39.86265112269406, -6.806715179093842 39.862740340864235, -6.806982743320568 39.862740331170016, -6.806982743320568 39.86265111303175));13.01.2025 11:30;13.01.2025;
98;3;20250113T112431_20250113T112443_T29SPD;1;1.73677E+12;POLYGON ((-6.81147754552554 39.76446621278823, -6.8112055480610465 39.76446614520423, -6.8112055480610465 39.76455535008687, -6.81147754552554 39.76455533938848, -6.81147754552554 39.76446621278823));13.01.2025 11:30;13.01.2025;
0000000000000000009f;3;20250113T112431_20250113T112443_T29SPD;1;1.73677E+12;POLYGON ((-6.812373828961333 39.766352339029716, -6.812106242546426 39.766352406431984, -6.812106242546426 39.766441530208766, -6.812373828961333 39.76644154102196, -6.812373828961333 39.766352339029716));13.01.2025 11:30;13.01.2025;
000000000000000000a1;3;20250113T112431_20250113T112443_T29SPD;1;1.73677E+12;POLYGON ((-6.812373828961333 39.83255664276828, -6.812284633367354 39.83255664713616, -6.812284633367354 39.83264583060447, -6.812195437895716 39.83264583490589, -6.812195437895717 39.832735018254276, -6.812373828961333 39.83273500955304, -6.812373828961333 39.83255664276828));13.01.2025 11:30;13.01.2025;
000000000000000000cb;3;20250113T112431_20250113T112443_T29SPD;1;1.73677E+12;POLYGON ((-6.8187502818921875 39.83758654316178, -6.818482751007841 39.837586491405176, -6.81848275100784 39.83767566676885, -6.8187502818921875 39.83767571849341, -6.8187502818921875 39.83758654316178));13.01.2025 11:30;13.01.2025;
000000000000000000ea;3;20250113T112431_20250113T112443_T29SPD;1;1.73677E+12;POLYGON ((-6.830611541326635 39.773000895637104, -6.830339545654161 39.77300087677852, -6.830339545654161 39.77309006692407, -6.830611541326635 39.773090085750056, -6.830611541326635 39.773000895637104));13.01.2025 11:30;13.01.2025;
000000000000000000ed;3;20250113T112431_20250113T112443_T29SPD;1;1.73677E+12;POLYGON ((-6.83132939946147 39.81719506817718, -6.831240259663844 39.81719508227875, -6.831240259663844 39.81728420778149, -6.8311466221179025 39.81728425228873, -6.8311466221179025 39.81737783393809, -6.831329399461469 39.81737785347585, -6.83132939946147 39.81719506817718));13.01.2025 11:30;13.01.2025;
000000000000000000f4;3;20250113T112431_20250113T112443_T29SPD;1;1.73677E+12;POLYGON ((-6.832047347288818 39.749554920700916, -6.831775345620276 39.74955497532036, -6.831775345620276 39.7496441212135, -6.832047347288818 39.749644144828295, -6.832047347288818 39.749554920700916));13.01.2025 11:30;13.01.2025;
108;3;20250113T112431_20250113T112443_T29SPD;1;1.73677E+12;POLYGON ((-6.83456231248614 39.8032737623501, -6.834294716620267 39.80327373925569, -6.834294716620268 39.80336288473498, -6.83456231248614 39.80336290779733, -6.83456231248614 39.8032737623501));13.01.2025 11:30;13.01.2025;
0000000000000000010b;3;20250113T112431_20250113T112443_T29SPD;1;1.73677E+12;POLYGON ((-6.834651456829778 39.74793625510898, -6.83456231248614 39.7479362638006, -6.83456231248614 39.74820386369653, -6.834651456829778 39.7482038549729, -6.834651456829778 39.74793625510898));13.01.2025 11:30;13.01.2025;
0000000000000000010d;3;20250113T112431_20250113T112443_T29SPD;1;1.73677E+12;POLYGON ((-6.834923470507493 39.79258082448433, -6.834740683079354 39.792580805217995, -6.834740683079353 39.7927636634256, -6.834829827667044 39.79276364921939, -6.834829827667045 39.792670030276525, -6.834923470507493 39.792669985504595, -6.834923470507493 39.79258082448433));13.01.2025 11:30;13.01.2025;
0000000000000000011a;3;20250113T112431_20250113T112443_T29SPD;1;1.73677E+12;POLYGON ((-6.835641376160618 39.79914013525471, -6.8354585867184126 39.79914011887265, -6.835458586718413 39.799229348453196, -6.83555223046255 39.79922930229044, -6.835552230462551 39.7993185317294, -6.835641376160619 39.79931851603873, -6.835641376160618 39.79914013525471));13.01.2025 11:30;13.01.2025;
122;3;20250113T112431_20250113T112443_T29SPD;1;1.73677E+12;POLYGON ((-6.836537665236491 39.799501298994166, -6.836270143043544 39.79950135304536, -6.836270143043543 39.79959050379821, -6.83653766523649 39.79959052791738, -6.836537665236491 39.799501298994166));13.01.2025 11:30;13.01.2025;
0000000000000000012d;3;20250113T112431_20250113T112443_T29SPD;1;1.73677E+12;POLYGON ((-6.837977936575905 39.82806636591677, -6.837705991934654 39.82806630360395, -6.837705991934654 39.828155490604544, -6.837977936575905 39.82815555288469, -6.837977936575905 39.82806636591677));13.01.2025 11:30;13.01.2025;
131;3;20250113T112431_20250113T112443_T29SPD;1;1.73677E+12;POLYGON ((-6.838156316519299 39.81485848764776, -6.838067167380646 39.81485850736809, -6.838067167380645 39.814952091870275, -6.837977936575905 39.81495211634848, -6.837977936575905 39.81504132250531, -6.838156316519298 39.815041278274265, -6.838156316519299 39.81485848764776));13.01.2025 11:30;13.01.2025;
142;3;20250113T112431_20250113T112443_T29SPD;1;1.73677E+12;POLYGON ((-6.842557491194857 39.80129392311189, -6.842468254242903 39.80129387164102, -6.842468254242903 39.80156592717782, -6.842557491194857 39.801565900416655, -6.842557491194857 39.80129392311189));13.01.2025 11:30;13.01.2025;
151;3;20250113T112431_20250113T112443_T29SPD;1;1.73677E+12;POLYGON ((-6.845879466572057 39.7847684744258, -6.845611906038222 39.784768469191306, -6.845611906038222 39.78485764033484, -6.8458794665720575 39.78485764553724, -6.845879466572057 39.7847684744258));13.01.2025 11:30;13.01.2025;
164;3;20250113T112431_20250113T112443_T29SPD;1;1.73677E+12;POLYGON ((-6.852349677847808 39.77857029781488, -6.852260427497078 39.77857033029391, -6.852260427497076 39.7784766917937, -6.852171259074258 39.77847664112287, -6.852171259074259 39.77865945903583, -6.8523496778478075 39.778659477194836, -6.852349677847808 39.77857029781488));13.01.2025 11:30;13.01.2025;
0000000000000000016d;3;20250113T112431_20250113T112443_T29SPD;1;1.73677E+12;POLYGON ((-6.856032854235465 39.78440726469882, -6.855760834299646 39.784407312189394, -6.855760834299646 39.784496482641394, -6.856032854235466 39.784496435118214, -6.856032854235465 39.78440726469882));13.01.2025 11:30;13.01.2025;
170;3;20250113T112431_20250113T112443_T29SPD;1;1.73677E+12;POLYGON ((-6.856839921558589 39.665112969841694, -6.8566615723200695 39.665112927252736, -6.8566615723200695 39.66520211450808, -6.856750746878416 39.665202096644386, -6.856750746878416 39.66529128375978, -6.856839921558589 39.665291344180105, -6.856839921558589 39.665112969841694));13.01.2025 11:30;13.01.2025;
178;3;20250113T112431_20250113T112443_T29SPD;1;1.73677E+12;POLYGON ((-6.857647080673395 39.772907260030905, -6.857557904890539 39.77290729157618, -6.857557904890539 39.77281810442993, -6.857468647417026 39.7728180624908, -6.857468647417026 39.773000896022715, -6.857647080673395 39.77300090638323, -6.857647080673395 39.772907260030905));13.01.2025 11:30;13.01.2025;
0000000000000000017b;3;20250113T112431_20250113T112443_T29SPD;1;1.73677E+12;POLYGON ((-6.858008202933177 39.77380796709466, -6.857740674470102 39.7738079845259, -6.857740674470103 39.77389717020615, -6.858008202933177 39.77389715274277, -6.858008202933177 39.77380796709466));13.01.2025 11:30;13.01.2025;
0000000000000000017e;3;20250113T112431_20250113T112443_T29SPD;1;1.73677E+12;POLYGON ((-6.859087327344104 39.77164981126091, -6.858998149593832 39.77164976566462, -6.858998149593832 39.77156057685716, -6.858904553994287 39.77156063599756, -6.858904553994287 39.77174339470009, -6.859087327344104 39.77174345935739, -6.859087327344104 39.77164981126091));13.01.2025 11:30;13.01.2025;
181;3;20250113T112431_20250113T112443_T29SPD;1;1.73677E+12;POLYGON ((-6.859894432431327 39.76922405124081, -6.859626896238621 39.76922407191055, -6.8596268962386215 39.76931764541534, -6.859894432431327 39.76931770295051, -6.859894432431327 39.76922405124081));13.01.2025 11:30;13.01.2025;
182;3;20250113T112431_20250113T112443_T29SPD;1;1.73677E+12;POLYGON ((-6.859983611405842 39.78162477403738, -6.8597160748477135 39.78162479940744, -6.859716074847714 39.781713973444845, -6.859983611405842 39.781713948042665, -6.859983611405842 39.78162477403738));13.01.2025 11:30;13.01.2025;
185;3;20250113T112431_20250113T112443_T29SPD;1;1.73677E+12;POLYGON ((-6.861602271869926 39.766530757579886, -6.861513090684652 39.76653071353796, -6.861513090684652 39.76644159580895, -6.861423909621172 39.76644155167915, -6.861423909621172 39.76661994351273, -6.861602271869926 39.76661995341016, -6.861602271869926 39.766530757579886));13.01.2025 11:30;13.01.2025;
0000000000000000018d;3;20250113T112431_20250113T112443_T29SPD;1;1.73677E+12;POLYGON ((-6.864924316873762 39.773268425144096, -6.8646567600739035 39.77326846031417, -6.864656760073903 39.77335764594954, -6.864924316873762 39.77335761074732, -6.864924316873762 39.773268425144096));13.01.2025 11:30;13.01.2025;
0000000000000000018e;3;20250113T112431_20250113T112443_T29SPD;1;1.73677E+12;POLYGON ((-6.864835131152034 39.77515463280205, -6.864745945552079 39.77515467082893, -6.8647459455520785 39.775243853701895, -6.8646567600739035 39.77524381343182, -6.8646567600739035 39.77533299618547, -6.8648351311520335 39.77533299839651, -6.864835131152034 39.77515463280205));13.01.2025 11:30;13.01.2025;
192;3;20250113T112431_20250113T112443_T29SPD;1;1.73677E+12;POLYGON ((-6.865196293166053 39.776684076832154, -6.864924316873762 39.77668414081332, -6.864924316873762 39.77677332143341, -6.865196293166054 39.77677333564812, -6.865196293166053 39.776684076832154));13.01.2025 11:30;13.01.2025;
196;3;20250113T112431_20250113T112443_T29SPD;1;1.73677E+12;POLYGON ((-6.866899689093756 39.731856733646524, -6.866632124202876 39.73185675900277, -6.8666321242028765 39.73194592646988, -6.866899689093756 39.73194597936711, -6.866899689093756 39.731856733646524));13.01.2025 11:30;13.01.2025;
000000000000000001a0;3;20250113T112431_20250113T112443_T29SPD;1;1.73677E+12;POLYGON ((-6.8702261767665425 39.76913484374068, -6.870047790969143 39.769134849358046, -6.870047790969143 39.76931769080019, -6.870136983806972 39.76931764888928, -6.8701369838069715 39.769224076711694, -6.8702261767665425 39.76922403473489, -6.8702261767665425 39.76913484374068));13.01.2025 11:30;13.01.2025;
000000000000000001aa;3;20250113T112431_20250113T112443_T29SPD;1;1.73677E+12;POLYGON ((-6.872201545623931 39.7264657179989, -6.872112349968367 39.726465756559094, -6.872112349968366 39.72655493120821, -6.87202315443453 39.72655489141001, -6.87202315443453 39.72664406594022, -6.872201545623931 39.726644067146026, -6.872201545623931 39.7264657179989));13.01.2025 11:30;13.01.2025;
000000000000000001b0;3;20250113T112431_20250113T112443_T29SPD;1;1.73677E+12;POLYGON ((-6.874538106002169 39.761951216625384, -6.874448907158129 39.76195126145858, -6.874448907158129 39.76204046241944, -6.874359790269434 39.76204042408912, -6.874359790269434 39.76212962493073, -6.874538106002169 39.76212961839568, -6.874538106002169 39.761951216625384));13.01.2025 11:30;13.01.2025;
000000000000000001c9;3;20250113T112431_20250113T112443_T29SPD;1;1.73677E+12;POLYGON ((-6.906335993684055 39.71712390887195, -6.906246833373516 39.71712389265021, -6.906246833373516 39.71721307675984, -6.90615759131086 39.71721306534614, -6.90615759131086 39.717302249336946, -6.906335993684055 39.71730227693992, -6.906335993684055 39.71712390887195));13.01.2025 11:30;13.01.2025;
000000000000000001cb;3;20250113T112431_20250113T112443_T29SPD;1;1.73677E+12;POLYGON ((-6.909390442076454 39.71541608348502, -6.909301277611609 39.7154160696961, -6.90930127761161 39.71550525591841, -6.90921211326803 39.71550524206323, -6.909212113268029 39.71559889138358, -6.909390442076454 39.71559891899412, -6.909390442076454 39.71541608348502));13.01.2025 11:30;13.01.2025;
000000000000000001d0;3;20250113T112431_20250113T112443_T29SPD;1;1.73677E+12;POLYGON ((-6.958890905528001 39.81629877719623, -6.958708099553508 39.81629872954288, -6.958708099553508 39.81647710858598, -6.958797331093068 39.81647714552977, -6.958797331093068 39.816387956084384, -6.958890905528001 39.81638796676063, -6.958890905528001 39.81629877719623));13.01.2025 11:30;13.01.2025;
000000000000000001d2;3;20250113T112431_20250113T112443_T29SPD;1;1.73677E+12;POLYGON ((-6.973440971161259 39.7417381104174, -6.97326263244547 39.74173811186926, -6.973262632445469 39.741827330285275, -6.973351801743057 39.74182729045616, -6.973351801743057 39.74191650873138, -6.97344097116126 39.741916468814274, -6.973440971161259 39.7417381104174));13.01.2025 11:30;13.01.2025;
000000000000000001d9;3;20250113T112431_20250113T112443_T29SPD;1;1.73677E+12;POLYGON ((-7.007579828300702 39.648583086963356, -7.007486184786367 39.648583098943796, -7.007486184786367 39.648493905958944, -7.0073970513718535 39.64849388062327, -7.007397051371853 39.64867226648583, -7.007579828300702 39.64867227980758, -7.007579828300702 39.648583086963356));13.01.2025 11:30;13.01.2025;
000000000000000001da;3;20250113T112431_20250113T112443_T29SPD;1;1.73677E+12;POLYGON ((-7.047644918184344 39.66142970589023, -7.047551218002565 39.66142975594424, -7.047551218002565 39.6615189252551, -7.047462030649501 39.66151893619089, -7.047462030649501 39.66160810538358, -7.047644918184344 39.66160812271573, -7.047644918184344 39.66142970589023));13.01.2025 11:30;13.01.2025;
1.00E+03;3;20250113T112431_20250113T112443_T29SPD;1;1.73677E+12;POLYGON ((-7.095883430485002 39.66196926393896, -7.095611404543839 39.661969291667894, -7.095611404543838 39.66205845423499, -7.095883430485002 39.66205842647222, -7.095883430485002 39.66196926393896));13.01.2025 11:30;13.01.2025;
1.00E+04;3;20250113T112431_20250113T112443_T29SPD;1;1.73677E+12;POLYGON ((-7.180592965031752 39.657746495198026, -7.180325444749504 39.657746523458194, -7.180325444749504 39.6578356815325, -7.180592965031752 39.65783573158487, -7.180592965031752 39.657746495198026));13.01.2025 11:30;13.01.2025;
206;3;20250113T112431_20250113T112443_T29SPD;1;1.73677E+12;POLYGON ((-7.430864493093478 39.63861248317876, -7.430686091943753 39.638612475895606, -7.430686091943753 39.638790861444036, -7.43077529246059 39.63879086510111, -7.43077529246059 39.63870171157422, -7.430864493093478 39.638701715165375, -7.430864493093478 39.63861248317876));13.01.2025 11:30;13.01.2025;
0000000000000000020b;3;20250113T112431_20250113T112443_T29SPD;1;1.73677E+12;POLYGON ((-7.44891940528788 39.65998943954817, -7.448651815854871 39.65998947869088, -7.448651815854871 39.66007859908711, -7.44891940528788 39.66007863822259, -7.44891940528788 39.65998943954817));13.01.2025 11:30;13.01.2025;
0000000000000000020c;3;20250113T112431_20250113T112443_T29SPD;1;1.73677E+12;POLYGON ((-7.453231354094454 39.59288890234475, -7.452963830405439 39.59288892112932, -7.452963830405439 39.59297805953762, -7.453231354094454 39.59297804071807, -7.453231354094454 39.59288890234475));13.01.2025 11:30;13.01.2025;
0000000000000000020d;3;20250113T112431_20250113T112443_T29SPD;1;1.73677E+12;POLYGON ((-7.4614049070375605 39.600522868148296, -7.461137351528464 39.60052283285797, -7.461137351528464 39.600612037575615, -7.4614049070375605 39.60061207283082, -7.4614049070375605 39.600522868148296));13.01.2025 11:30;13.01.2025;
210;3;20250113T112431_20250113T112443_T29SPD;1;1.73677E+12;POLYGON ((-7.4620336376887 39.599804919020784, -7.46194439655154 39.59980493745714, -7.46194439655154 39.599715810068496, -7.4618552380843095 39.59971574471678, -7.4618552380843095 39.59989415616516, -7.4620336376887 39.599894124657254, -7.4620336376887 39.599804919020784));13.01.2025 11:30;13.01.2025;
212;3;20250113T112431_20250113T112443_T29SPD;1;1.73677E+12;POLYGON ((-7.476498919197861 39.656038703446555, -7.476226928695678 39.65603869829966, -7.476226928695678 39.6561278208036, -7.476498919197861 39.65612782591481, -7.476498919197861 39.656038703446555));13.01.2025 11:30;13.01.2025;
213;3;20250113T112431_20250113T112443_T29SPD;1;1.73677E+12;POLYGON ((-7.4781175904281545 39.63627592153289, -7.4778455935306045 39.63627591276606, -7.4778455935306045 39.63636514198228, -7.4781175904281545 39.63636515071337, -7.4781175904281545 39.63627592153289));13.01.2025 11:30;13.01.2025;
2;2;20250113T112431_20250113T112443_T29SPD;1;1.73677E+12;POLYGON ((-6.7644028171138775 39.760782986344616, -6.764313605732872 39.76078294548884, -6.764313605732872 39.7609612987705, -6.7644028171138775 39.760961339605, -6.7644028171138775 39.760782986344616));13.01.2025 11:30;13.01.2025;
18;2;20250113T112431_20250113T112443_T29SPD;1;1.73677E+12;POLYGON ((-6.778506949246773 39.77416473048257, -6.778328569483773 39.77416474971881, -6.778328569483773 39.77425832585929, -6.778506949246773 39.77425838484169, -6.778506949246773 39.77416473048257));13.01.2025 11:30;13.01.2025;
0000000000000000001a;2;20250113T112431_20250113T112443_T29SPD;1;1.73677E+12;POLYGON ((-6.778685329500493 39.76500568788949, -6.778506949246774 39.765005705259654, -6.778506949246773 39.7650949132515, -6.778685329500493 39.76509489586016, -6.778685329500493 39.76500568788949));13.01.2025 11:30;13.01.2025;
0000000000000000001e;2;20250113T112431_20250113T112443_T29SPD;1;1.73677E+12;POLYGON ((-6.780843499797177 39.76428332782197, -6.780665113606885 39.764283348747895, -6.780665113606884 39.76437701797272, -6.780843499797176 39.76437699702455, -6.780843499797177 39.76428332782197));13.01.2025 11:30;13.01.2025;
20;2;20250113T112431_20250113T112443_T29SPD;1;1.73677E+12;POLYGON ((-6.781111039144331 39.764283337370806, -6.7810218864781255 39.76428338484129, -6.781021886478125 39.76446618437811, -6.781111039144331 39.764466215139144, -6.781111039144331 39.764283337370806));13.01.2025 11:30;13.01.2025;
21;2;20250113T112431_20250113T112443_T29SPD;1;1.73677E+12;POLYGON ((-6.781111039144331 39.76509489731457, -6.7810218864781255 39.765094944880865, -6.7810218864781255 39.7652732816241, -6.7811110391443306 39.76527331228882, -6.781111039144331 39.76509489731457));13.01.2025 11:30;13.01.2025;
26;2;20250113T112431_20250113T112443_T29SPD;1;1.73677E+12;POLYGON ((-6.7821009606682505 39.764015817338894, -6.781922571019412 39.764015840373105, -6.781922571019412 39.764104971149024, -6.7821009606682505 39.76410502634712, -6.7821009606682505 39.764015817338894));13.01.2025 11:30;13.01.2025;
0000000000000000002e;2;20250113T112431_20250113T112443_T29SPD;1;1.73677E+12;POLYGON ((-6.785784166888778 39.77317928952228, -6.785605848833498 39.77317923807145, -6.785605848833498 39.77326843329619, -6.785784166888778 39.773268406484384, -6.785784166888778 39.77317928952228));13.01.2025 11:30;13.01.2025;
31;2;20250113T112431_20250113T112443_T29SPD;1;1.73677E+12;POLYGON ((-6.78677407800184 39.771743442052454, -6.786591262437375 39.77174342024921, -6.786591262437377 39.77183261745146, -6.786774078001839 39.771832639232926, -6.78677407800184 39.771743442052454));13.01.2025 11:30;13.01.2025;
37;2;20250113T112431_20250113T112443_T29SPD;1;1.73677E+12;POLYGON ((-6.78937825460326 39.76221881652328, -6.789289008849269 39.76221879741495, -6.789289008849269 39.762397140577, -6.7893782546032595 39.76239715966403, -6.78937825460326 39.76221881652328));13.01.2025 11:30;13.01.2025;
0000000000000000003a;2;20250113T112431_20250113T112443_T29SPD;1;1.73677E+12;POLYGON ((-6.790363643764458 39.7685953181389, -6.790185313125204 39.76859527350169, -6.790185313125204 39.76868893493354, -6.790363643764459 39.76868897954839, -6.790363643764458 39.7685953181389));13.01.2025 11:30;13.01.2025;
0000000000000000003d;2;20250113T112431_20250113T112443_T29SPD;1;1.73677E+12;POLYGON ((-6.791714788064292 39.76132247518199, -6.791531958582133 39.7613225378356, -6.791531958582133 39.76141167139307, -6.791714788064292 39.76141168697368, -6.791714788064292 39.76132247518199));13.01.2025 11:30;13.01.2025;
0000000000000000003f;2;20250113T112431_20250113T112443_T29SPD;1;1.73677E+12;POLYGON ((-6.791803955423669 39.83785851737254, -6.791621125690373 39.83785852061368, -6.791621125690373 39.837947698782095, -6.791803955423668 39.8379476955192, -6.791803955423669 39.83785851737254));13.01.2025 11:30;13.01.2025;
47;2;20250113T112431_20250113T112443_T29SPD;1;1.73677E+12;POLYGON ((-6.792700212696258 39.75907512756594, -6.792521875637867 39.75907516294917, -6.792521875637868 39.75916429966291, -6.792700212696257 39.75916434251717, -6.792700212696258 39.75907512756594));13.01.2025 11:30;13.01.2025;
48;2;20250113T112431_20250113T112443_T29SPD;1;1.73677E+12;POLYGON ((-6.792700212696257 39.752698582496606, -6.792611044105824 39.75269863860276, -6.792611044105824 39.752877008721626, -6.792700212696256 39.752876952594406, -6.792700212696257 39.752698582496606));13.01.2025 11:30;13.01.2025;
0000000000000000004a;2;20250113T112431_20250113T112443_T29SPD;1;1.73677E+12;POLYGON ((-6.7929722144326625 39.767788185438015, -6.7927894631403944 39.76778816885484, -6.7927894631403944 39.76787737108892, -6.7929722144326625 39.76787738765031, -6.7929722144326625 39.767788185438015));13.01.2025 11:30;13.01.2025;
57;2;20250113T112431_20250113T112443_T29SPD;1;1.73677E+12;POLYGON ((-6.797640965131747 39.75844642450943, -6.797551708019069 39.75844641209162, -6.7975517080190695 39.75862476428221, -6.797640965131747 39.7586247766787, -6.797640965131747 39.75844642450943));13.01.2025 11:30;13.01.2025;
59;2;20250113T112431_20250113T112443_T29SPD;1;1.73677E+12;POLYGON ((-6.798269691785216 39.672657755727286, -6.7980912576923505 39.672657784962944, -6.7980912576923505 39.67274696829557, -6.798269691785215 39.67274693903867, -6.798269691785216 39.672657755727286));13.01.2025 11:30;13.01.2025;
60;2;20250113T112431_20250113T112443_T29SPD;1;1.73677E+12;POLYGON ((-6.80060621825702 39.76024336993085, -6.800517038810572 39.76024343375474, -6.800517038810572 39.760421780000435, -6.800606218257019 39.760421794411705, -6.80060621825702 39.76024336993085));13.01.2025 11:30;13.01.2025;
64;2;20250113T112431_20250113T112443_T29SPD;1;1.73677E+12;POLYGON ((-6.801863735052459 39.85330933253774, -6.801685372829592 39.853309327980796, -6.801685372829592 39.85339848231757, -6.801863735052459 39.85339848685326, -6.801863735052459 39.85330933253774));13.01.2025 11:30;13.01.2025;
0000000000000000006b;2;20250113T112431_20250113T112443_T29SPD;1;1.73677E+12;POLYGON ((-6.802853646114935 39.85483435593647, -6.802759967675492 39.85483430604265, -6.802759967675491 39.85501714167688, -6.802853646114936 39.8550171134129, -6.802853646114935 39.85483435593647));13.01.2025 11:30;13.01.2025;
0000000000000000006c;2;20250113T112431_20250113T112443_T29SPD;1;1.73677E+12;POLYGON ((-6.80303201154493 39.855106345351814, -6.802853646114935 39.85510634324255, -6.802853646114935 39.855195494806786, -6.803032011544929 39.855195496894794, -6.80303201154493 39.855106345351814));13.01.2025 11:30;13.01.2025;
0000000000000000006d;2;20250113T112431_20250113T112443_T29SPD;1;1.73677E+12;POLYGON ((-6.8030320115449285 39.85034400978483, -6.80294282876873 39.85034400820093, -6.80294282876873 39.8505224032745, -6.803032011544929 39.850522404837136, -6.8030320115449285 39.85034400978483));13.01.2025 11:30;13.01.2025;
71;2;20250113T112431_20250113T112443_T29SPD;1;1.73677E+12;POLYGON ((-6.804378596423861 39.863819391899845, -6.8042002272975735 39.863819394195495, -6.804200227297574 39.86390861095153, -6.804378596423862 39.86390860863461, -6.804378596423861 39.863819391899845));13.01.2025 11:30;13.01.2025;
77;2;20250113T112431_20250113T112443_T29SPD;1;1.73677E+12;POLYGON ((-6.805725290954303 39.856452944759496, -6.805546918131766 39.856452947626536, -6.805546918131766 39.85654217502888, -6.805725290954304 39.85654217214056, -6.805725290954303 39.856452944759496));13.01.2025 11:30;13.01.2025;
78;2;20250113T112431_20250113T112443_T29SPD;1;1.73677E+12;POLYGON ((-6.805814477549152 39.86345822174438, -6.805636104481842 39.86345822643595, -6.805636104481841 39.86354736542714, -6.805814477549153 39.863547438837806, -6.805814477549152 39.86345822174438));13.01.2025 11:30;13.01.2025;
0000000000000000007d;2;20250113T112431_20250113T112443_T29SPD;1;1.73677E+12;POLYGON ((-6.80626482676125 39.85627461074279, -6.806086452457957 39.85627461449991, -6.806086452457956 39.856363763966755, -6.806264826761249 39.85636376018838, -6.80626482676125 39.85627461074279));13.01.2025 11:30;13.01.2025;
81;2;20250113T112431_20250113T112443_T29SPD;1;1.73677E+12;POLYGON ((-6.806536803554597 39.85411643648388, -6.806443201554086 39.854116385043255, -6.806443201554086 39.854294768222104, -6.806536803554597 39.85429474150494, -6.806536803554597 39.85411643648388));13.01.2025 11:30;13.01.2025;
86;2;20250113T112431_20250113T112443_T29SPD;1;1.73677E+12;POLYGON ((-6.807343911811522 39.86265115230865, -6.807165534546842 39.862651159451616, -6.807165534546842 39.862740299443615, -6.807343911811522 39.8627402922794, -6.807343911811522 39.86265115230865));13.01.2025 11:30;13.01.2025;
88;2;20250113T112431_20250113T112443_T29SPD;1;1.73677E+12;POLYGON ((-6.807343911811522 39.84980448996987, -6.807254723117993 39.849804492048044, -6.807254723117993 39.84998280953397, -6.807343911811522 39.849982807434515, -6.807343911811522 39.84980448996987));13.01.2025 11:30;13.01.2025;
0000000000000000008e;2;20250113T112431_20250113T112443_T29SPD;1;1.73677E+12;POLYGON ((-6.8091409551718085 39.83525444346418, -6.808962572975902 39.83525436901907, -6.808962572975902 39.835343627093586, -6.8091409551718085 39.83534362335793, -6.8091409551718085 39.83525444346418));13.01.2025 11:30;13.01.2025;
0000000000000000008f;2;20250113T112431_20250113T112443_T29SPD;1;1.73677E+12;POLYGON ((-6.809319337857174 39.84126976294516, -6.809140955171809 39.841269768403095, -6.8091409551718085 39.84135893948825, -6.809319337857173 39.841358934009044, -6.809319337857174 39.84126976294516));13.01.2025 11:30;13.01.2025;
91;2;20250113T112431_20250113T112443_T29SPD;1;1.73677E+12;POLYGON ((-6.8098589034961305 39.76482292902217, -6.809680519330292 39.7648229171583, -6.809680519330291 39.764912121702764, -6.80985890349613 39.76491205529579, -6.8098589034961305 39.76482292902217));13.01.2025 11:30;13.01.2025;
95;2;20250113T112431_20250113T112443_T29SPD;1;1.73677E+12;POLYGON ((-6.810755164620039 39.76464455480397, -6.81057677799514 39.764644544445986, -6.81057677799514 39.76473374914356, -6.810755164620039 39.764733759480215, -6.810755164620039 39.76464455480397));13.01.2025 11:30;13.01.2025;
96;2;20250113T112431_20250113T112443_T29SPD;1;1.73677E+12;POLYGON ((-6.810755164620039 39.847021973227584, -6.81057677799514 39.8470219825398, -6.81057677799514 39.8471111450282, -6.810755164620039 39.847111135694725, -6.810755164620039 39.847021973227584));13.01.2025 11:30;13.01.2025;
000000000000000000a5;2;20250113T112431_20250113T112443_T29SPD;1;1.73677E+12;POLYGON ((-6.8126413347211345 39.83174952197421, -6.812462942921677 39.83174953090264, -6.812462942921678 39.83183871553125, -6.8126413347211345 39.83183870658153, -6.8126413347211345 39.83174952197421));13.01.2025 11:30;13.01.2025;
000000000000000000a8;2;20250113T112431_20250113T112443_T29SPD;1;1.73677E+12;POLYGON ((-6.813002534647714 39.84225961701348, -6.812824141857411 39.84225962907442, -6.812824141857411 39.842348876420296, -6.813002534647714 39.842348864338064, -6.813002534647714 39.84225961701348));13.01.2025 11:30;13.01.2025;
000000000000000000b1;2;20250113T112431_20250113T112443_T29SPD;1;1.73677E+12;POLYGON ((-6.813992451836901 39.83884401568838, -6.813903254022873 39.83884402220551, -6.813903254022874 39.8390268249991, -6.813992451836901 39.839026818460155, -6.813992451836901 39.83884401568838));13.01.2025 11:30;13.01.2025;
000000000000000000b6;2;20250113T112431_20250113T112443_T29SPD;1;1.73677E+12;POLYGON ((-6.814438360983574 39.838215232061614, -6.814259964254746 39.838215245639574, -6.814259964254746 39.83830442058693, -6.814438360983575 39.83830440698769, -6.814438360983574 39.838215232061614));13.01.2025 11:30;13.01.2025;
000000000000000000b8;2;20250113T112431_20250113T112443_T29SPD;1;1.73677E+12;POLYGON ((-6.814710371969788 39.76590200555775, -6.814621173171166 39.76590200398461, -6.814621173171165 39.76608040861558, -6.814710371969788 39.7660804101674, -6.814710371969788 39.76590200555775));13.01.2025 11:30;13.01.2025;
000000000000000000ba;2;20250113T112431_20250113T112443_T29SPD;1;1.73677E+12;POLYGON ((-6.8152499005830585 39.764733744272604, -6.815067086628314 39.76473368812981, -6.815067086628314 39.764822892160936, -6.8152499005830585 39.76482287003272, -6.8152499005830585 39.764733744272604));13.01.2025 11:30;13.01.2025;
000000000000000000bc;2;20250113T112431_20250113T112443_T29SPD;1;1.73677E+12;POLYGON ((-6.815428300027097 39.765901995474486, -6.815249900583058 39.76590199349171, -6.815249900583059 39.76599119579713, -6.815428300027097 39.76599119775858, -6.815428300027097 39.765901995474486));13.01.2025 11:30;13.01.2025;
000000000000000000c0;2;20250113T112431_20250113T112443_T29SPD;1;1.73677E+12;POLYGON ((-6.817046917157413 39.7645553634247, -6.816864098152243 39.76455538866956, -6.816864098152243 39.76464451449679, -6.817046917157412 39.764644567479245, -6.817046917157413 39.7645553634247));13.01.2025 11:30;13.01.2025;
000000000000000000c5;2;20250113T112431_20250113T112443_T29SPD;1;1.73677E+12;POLYGON ((-6.817492847243562 39.76374829827472, -6.817314442137467 39.76374829934469, -6.817314442137467 39.76383742629408, -6.817492847243562 39.76383742520281, -6.817492847243562 39.76374829827472));13.01.2025 11:30;13.01.2025;
000000000000000000cc;2;20250113T112431_20250113T112443_T29SPD;1;1.73677E+12;POLYGON ((-6.818843983372799 39.82456151791113, -6.818661159317692 39.82456148283369, -6.818661159317692 39.824650677243, -6.818843983372799 39.824650634126485, -6.818843983372799 39.82456151791113));13.01.2025 11:30;13.01.2025;
000000000000000000cd;2;20250113T112431_20250113T112443_T29SPD;1;1.73677E+12;POLYGON ((-6.8188439833727985 39.837140623995225, -6.818661159317692 39.83714059200622, -6.818661159317693 39.8372297680015, -6.818843983372799 39.83722979996862, -6.8188439833727985 39.837140623995225));13.01.2025 11:30;13.01.2025;
000000000000000000ce;2;20250113T112431_20250113T112443_T29SPD;1;1.73677E+12;POLYGON ((-6.818933106197718 39.82860585099048, -6.8187502818921875 39.82860589523099, -6.818750281892187 39.828695083710315, -6.818933106197718 39.82869503944801, -6.818933106197718 39.82860585099048));13.01.2025 11:30;13.01.2025;
000000000000000000d3;2;20250113T112431_20250113T112443_T29SPD;1;1.73677E+12;POLYGON ((-6.821626471905568 39.762307931294785, -6.821448055465374 39.7623079391639, -6.821448055465374 39.76239714596948, -6.821626471905566 39.76239713807903, -6.821626471905568 39.762307931294785));13.01.2025 11:30;13.01.2025;
000000000000000000d7;2;20250113T112431_20250113T112443_T29SPD;1;1.73677E+12;POLYGON ((-6.82477009935663 39.75134751311301, -6.824591756070228 39.751347518982456, -6.824591756070227 39.75144112424207, -6.82477009935663 39.751441118350236, -6.82477009935663 39.75134751311301));13.01.2025 11:30;13.01.2025;
000000000000000000dd;2;20250113T112431_20250113T112443_T29SPD;1;1.73677E+12;POLYGON ((-6.828725340954847 39.75206986324346, -6.828542489143365 39.7520699061158, -6.828542489143365 39.752159048733816, -6.828725340954848 39.75215908410352, -6.828725340954847 39.75206986324346));13.01.2025 11:30;13.01.2025;
000000000000000000de;2;20250113T112431_20250113T112443_T29SPD;1;1.73677E+12;POLYGON ((-6.828903695564371 39.75179788222752, -6.828814477310285 39.75179789123244, -6.828814477310286 39.75197625532988, -6.828903695564372 39.75197624630361, -6.828903695564371 39.75179788222752));13.01.2025 11:30;13.01.2025;
000000000000000000df;2;20250113T112431_20250113T112443_T29SPD;1;1.73677E+12;POLYGON ((-6.829354041082932 39.750540414088626, -6.829171269283075 39.75054037461946, -6.829171269283075 39.75062959765527, -6.829354041082931 39.75062955883674, -6.829354041082932 39.750540414088626));13.01.2025 11:30;13.01.2025;
0.00E+00;2;20250113T112431_20250113T112443_T29SPD;1;1.73677E+12;POLYGON ((-6.8294432600762525 39.75116911110691, -6.829260406248899 39.75116915503034, -6.829260406248899 39.75125829887411, -6.8294432600762525 39.751258333193796, -6.8294432600762525 39.75116911110691));13.01.2025 11:30;13.01.2025;
0.00E+00;2;20250113T112431_20250113T112443_T29SPD;1;1.73677E+12;POLYGON ((-6.8294432600762525 39.75889674866558, -6.829260406248899 39.758896794480464, -6.829260406248899 39.75898592706953, -6.829443260076253 39.75898595948788, -6.8294432600762525 39.75889674866558));13.01.2025 11:30;13.01.2025;
0.00E+00;2;20250113T112431_20250113T112443_T29SPD;1;1.73677E+12;POLYGON ((-6.830428684219043 39.8051599446881, -6.8302503254329485 39.80515989500438, -6.830250325432948 39.80524911640817, -6.830428684219043 39.80524908787475, -6.830428684219043 39.8051599446881));13.01.2025 11:30;13.01.2025;
000000000000000000f6;2;20250113T112431_20250113T112443_T29SPD;1;1.73677E+12;POLYGON ((-6.832047347288818 39.81638792104678, -6.831868984070083 39.81638795503946, -6.831868984070083 39.816477159827876, -6.832047347288818 39.81647712581389, -6.832047347288818 39.81638792104678));13.01.2025 11:30;13.01.2025;
000000000000000000fa;2;20250113T112431_20250113T112443_T29SPD;1;1.73677E+12;POLYGON ((-6.832408573148649 39.81279388069996, -6.832225710995959 39.8127939449524, -6.832225710995959 39.812883076769616, -6.832408573148648 39.8128830906811, -6.832408573148649 39.81279388069996));13.01.2025 11:30;13.01.2025;
107;2;20250113T112431_20250113T112443_T29SPD;1;1.73677E+12;POLYGON ((-6.834201074683538 39.807402882852124, -6.834022705567688 39.807402840227894, -6.834022705567688 39.80749651487056, -6.834201074683539 39.80749647927984, -6.834201074683538 39.807402882852124));13.01.2025 11:30;13.01.2025;
109;2;20250113T112431_20250113T112443_T29SPD;1;1.73677E+12;POLYGON ((-6.834473086480849 39.8082144338936, -6.834294716620267 39.80821439193458, -6.834294716620267 39.80830360838731, -6.834473086480849 39.808303572133525, -6.834473086480849 39.8082144338936));13.01.2025 11:30;13.01.2025;
0000000000000000010c;2;20250113T112431_20250113T112443_T29SPD;1;1.73677E+12;POLYGON ((-6.834740683079354 39.79797184217054, -6.83456231248614 39.79797187641738, -6.83456231248614 39.79806102960855, -6.834740683079354 39.79806107354487, -6.834740683079354 39.79797184217054));13.01.2025 11:30;13.01.2025;
112;2;20250113T112431_20250113T112443_T29SPD;1;1.73677E+12;POLYGON ((-6.835458586718413 39.820071163977225, -6.83528021415978 39.82007120474659, -6.835280214159781 39.82016032556163, -6.835458586718414 39.82016036294705, -6.835458586718413 39.820071163977225));13.01.2025 11:30;13.01.2025;
114;2;20250113T112431_20250113T112443_T29SPD;1;1.73677E+12;POLYGON ((-6.835552230462551 39.798243859645474, -6.835369359485678 39.7982438477063, -6.835369359485678 39.79833307860768, -6.835552230462551 39.798333012320875, -6.835552230462551 39.798243859645474));13.01.2025 11:30;13.01.2025;
0000000000000000011c;2;20250113T112431_20250113T112443_T29SPD;1;1.73677E+12;POLYGON ((-6.83581974970798 39.79698197122301, -6.835641376160619 39.79698192889256, -6.83564137616062 39.79707561932782, -6.83581974970798 39.79707558343013, -6.83581974970798 39.79698197122301));13.01.2025 11:30;13.01.2025;
0000000000000000011e;2;20250113T112431_20250113T112443_T29SPD;1;1.73677E+12;POLYGON ((-6.835908895772058 39.79833302294975, -6.8357306037658665 39.7983330544807, -6.835730603765868 39.798422207004464, -6.835908895772058 39.79842225365609, -6.835908895772058 39.79833302294975));13.01.2025 11:30;13.01.2025;
0000000000000000012a;2;20250113T112431_20250113T112443_T29SPD;1;1.73677E+12;POLYGON ((-6.837527613223878 39.81737789220637, -6.837349235001373 39.8173778577295, -6.837349235001373 39.81746706041315, -6.837527613223878 39.81746701668927, -6.837527613223878 39.81737789220637));13.01.2025 11:30;13.01.2025;
0000000000000000012e;2;20250113T112431_20250113T112443_T29SPD;1;1.73677E+12;POLYGON ((-6.837884289345774 39.81611598027742, -6.837795140579236 39.81611592173196, -6.837795140579234 39.816298786858866, -6.837884289345773 39.816298767201474, -6.837884289345774 39.81611598027742));13.01.2025 11:30;13.01.2025;
132;2;20250113T112431_20250113T112443_T29SPD;1;1.73677E+12;POLYGON ((-6.8382454657799085 39.78880841302968, -6.838067167380644 39.788808446320516, -6.838067167380644 39.788897612471644, -6.8382454657799085 39.78889757915948, -6.8382454657799085 39.78880841302968));13.01.2025 11:30;13.01.2025;
0000000000000000013e;2;20250113T112431_20250113T112443_T29SPD;1;1.73677E+12;POLYGON ((-6.842196290866835 39.79653604336067, -6.842107054409292 39.79653606920802, -6.842107054409292 39.79671437784567, -6.842196290866835 39.796714430182405, -6.842196290866835 39.79653604336067));13.01.2025 11:30;13.01.2025;
140;2;20250113T112431_20250113T112443_T29SPD;1;1.73677E+12;POLYGON ((-6.8422899442923235 39.80048681239939, -6.842196290866835 39.800486786633165, -6.842196290866836 39.80066516191014, -6.8422899442923235 39.80066518765382, -6.8422899442923235 39.80048681239939));13.01.2025 11:30;13.01.2025;
143;2;20250113T112431_20250113T112443_T29SPD;1;1.73677E+12;POLYGON ((-6.842646646475065 39.804887922752435, -6.842468254242903 39.80488789412438, -6.842468254242903 39.804977114461224, -6.842646646475065 39.80497714306784, -6.842646646475065 39.804887922752435));13.01.2025 11:30;13.01.2025;
147;2;20250113T112431_20250113T112443_T29SPD;1;1.73677E+12;POLYGON ((-6.843453711792635 39.80327371468608, -6.84327539914685 39.80327376043476, -6.84327539914685 39.80336290483797, -6.843453711792634 39.803362937264744, -6.843453711792635 39.80327371468608));13.01.2025 11:30;13.01.2025;
148;2;20250113T112431_20250113T112443_T29SPD;1;1.73677E+12;POLYGON ((-6.844176128382402 39.80237301414713, -6.8439933150038605 39.80237301367982, -6.84399331500386 39.80246215931268, -6.844176128382401 39.80246215975808, -6.844176128382402 39.80237301414713));13.01.2025 11:30;13.01.2025;
149;2;20250113T112431_20250113T112443_T29SPD;1;1.73677E+12;POLYGON ((-6.844354443491502 39.73508962104496, -6.844265285875994 39.735089636578806, -6.844265285875995 39.7352679673523, -6.844354443491502 39.73526795179711, -6.844354443491502 39.73508962104496));13.01.2025 11:30;13.01.2025;
0000000000000000014c;2;20250113T112431_20250113T112443_T29SPD;1;1.73677E+12;POLYGON ((-6.844621998865848 39.79428864626054, -6.844443683025065 39.794288613671384, -6.844443683025065 39.79437784926511, -6.844621998865848 39.79437780362466, -6.844621998865848 39.79428864626054));13.01.2025 11:30;13.01.2025;
0000000000000000014e;2;20250113T112431_20250113T112443_T29SPD;1;1.73677E+12;POLYGON ((-6.845250770586492 39.792041245837005, -6.84516152994838 39.792041273788286, -6.84516152994838 39.79222405283878, -6.845250770586492 39.79222410307651, -6.845250770586492 39.792041245837005));13.01.2025 11:30;13.01.2025;
0000000000000000014f;2;20250113T112431_20250113T112443_T29SPD;1;1.73677E+12;POLYGON ((-6.84543358749047 39.79195208593921, -6.845250770586492 39.791952085136714, -6.845250770586492 39.792041245837005, -6.84543358749047 39.792041246617565, -6.84543358749047 39.79195208593921));13.01.2025 11:30;13.01.2025;
150;2;20250113T112431_20250113T112443_T29SPD;1;1.73677E+12;POLYGON ((-6.845611906038222 39.793749070544706, -6.84543358749047 39.79374911774542, -6.84543358749047 39.79383827579998, -6.845611906038222 39.79383830678668, -6.845611906038222 39.793749070544706));13.01.2025 11:30;13.01.2025;
155;2;20250113T112431_20250113T112443_T29SPD;1;1.73677E+12;POLYGON ((-6.848394392924202 39.781892375675035, -6.848305229785435 39.78189232207626, -6.848305229785435 39.782070671982, -6.848394392924202 39.78207072555921, -6.848394392924202 39.781892375675035));13.01.2025 11:30;13.01.2025;
156;2;20250113T112431_20250113T112443_T29SPD;1;1.73677E+12;POLYGON ((-6.849205946692321 39.7812636314917, -6.849023119213924 39.78126363474309, -6.849023119213923 39.78135281059232, -6.849205946692321 39.78135280731899, -6.849205946692321 39.7812636314917));13.01.2025 11:30;13.01.2025;
162;2;20250113T112431_20250113T112443_T29SPD;1;1.73677E+12;POLYGON ((-6.851899255234555 39.74955490591619, -6.851720919497954 39.749554953405436, -6.8517209194979545 39.749644096906984, -6.851899255234555 39.74964412766104, -6.851899255234555 39.74955490591619));13.01.2025 11:30;13.01.2025;
165;2;20250113T112431_20250113T112443_T29SPD;1;1.73677E+12;POLYGON ((-6.85243884651445 39.74685719555627, -6.852260427497077 39.74685716989651, -6.852260427497077 39.746946395529086, -6.852438846514451 39.74694634289935, -6.85243884651445 39.74685719555627));13.01.2025 11:30;13.01.2025;
167;2;20250113T112431_20250113T112443_T29SPD;1;1.73677E+12;POLYGON ((-6.852706353245515 39.78701137257813, -6.8525280153029495 39.78701135221103, -6.85252801530295 39.78710059746721, -6.852706353245514 39.78710053959621, -6.852706353245515 39.78701137257813));13.01.2025 11:30;13.01.2025;
169;2;20250113T112431_20250113T112443_T29SPD;1;1.73677E+12;POLYGON ((-6.853156699623178 39.74631762274571, -6.852978360449779 39.74631767163243, -6.852978360449779 39.746406819696155, -6.853156699623178 39.74640684905671, -6.853156699623178 39.74631762274571));13.01.2025 11:30;13.01.2025;
0000000000000000016a;2;20250113T112431_20250113T112443_T29SPD;1;1.73677E+12;POLYGON ((-6.855404142207053 39.78485766834093, -6.855314969488495 39.78485762115881, -6.855314969488495 39.78503603894435, -6.855404142207052 39.78503600788592, -6.855404142207053 39.78485766834093));13.01.2025 11:30;13.01.2025;
172;2;20250113T112431_20250113T112443_T29SPD;1;1.73677E+12;POLYGON ((-6.857201121165193 39.665291319213885, -6.857018353096332 39.66529130321225, -6.857018353096332 39.66538049016617, -6.857201121165192 39.665380506145794, -6.857201121165193 39.665291319213885));13.01.2025 11:30;13.01.2025;
0000000000000000017a;2;20250113T112431_20250113T112443_T29SPD;1;1.73677E+12;POLYGON ((-6.857829850502639 39.775065458639624, -6.857647080673395 39.775065470808435, -6.857647080673395 39.77515465466543, -6.857829850502639 39.77515464247466, -6.857829850502639 39.775065458639624));13.01.2025 11:30;13.01.2025;
180;2;20250113T112431_20250113T112443_T29SPD;1;1.73677E+12;POLYGON ((-6.859626896238621 39.769045687240535, -6.859537717751336 39.76904564179553, -6.859537717751335 39.76922402648712, -6.859626896238621 39.76922407191055, -6.859626896238621 39.769045687240535));13.01.2025 11:30;13.01.2025;
183;2;20250113T112431_20250113T112443_T29SPD;1;1.73677E+12;POLYGON ((-6.860255648938416 39.780902402457, -6.860072790502168 39.780902425199876, -6.860072790502169 39.78099605899758, -6.860255648938415 39.78099603623165, -6.860255648938416 39.780902402457));13.01.2025 11:30;13.01.2025;
184;2;20250113T112431_20250113T112443_T29SPD;1;1.73677E+12;POLYGON ((-6.861241047913208 39.77928821286594, -6.861062686651129 39.77928820539352, -6.861062686651129 39.77937738267866, -6.861241047913209 39.779377390129625, -6.861241047913208 39.77928821286594));13.01.2025 11:30;13.01.2025;
188;2;20250113T112431_20250113T112443_T29SPD;1;1.73677E+12;POLYGON ((-6.863488441556623 39.76374829843308, -6.863310074156242 39.76374829110476, -6.863310074156242 39.76383741254182, -6.863488441556623 39.76383741984867, -6.863488441556623 39.76374829843308));13.01.2025 11:30;13.01.2025;
0000000000000000018b;2;20250113T112431_20250113T112443_T29SPD;1;1.73677E+12;POLYGON ((-6.86447838948288 39.7769516384229, -6.864295601043117 39.776951662833895, -6.864295601043117 39.77704084313933, -6.86447838948288 39.77704081870637, -6.86447838948288 39.7769516384229));13.01.2025 11:30;13.01.2025;
0000000000000000018f;2;20250113T112431_20250113T112443_T29SPD;1;1.73677E+12;POLYGON ((-6.8648351311520335 39.77686246200338, -6.8646567600739035 39.776862460160544, -6.8646567600739035 39.77695164055265, -6.8648351311520335 39.77695164237403, -6.8648351311520335 39.77686246200338));13.01.2025 11:30;13.01.2025;
198;2;20250113T112431_20250113T112443_T29SPD;1;1.73677E+12;POLYGON ((-6.867711227474269 39.7607829860628, -6.867622037947656 39.760782946605865, -6.867622037947655 39.76096135344953, -6.8677112274742695 39.7609613146364, -6.867711227474269 39.7607829860628));13.01.2025 11:30;13.01.2025;
000000000000000001a7;2;20250113T112431_20250113T112443_T29SPD;1;1.73677E+12;POLYGON ((-6.871662036512695 39.76661989478921, -6.8715728415934185 39.766619937695346, -6.8715728415934185 39.766802708039215, -6.871662036512695 39.76680274335177, -6.871662036512695 39.76661989478921));13.01.2025 11:30;13.01.2025;
000000000000000001a8;2;20250113T112431_20250113T112443_T29SPD;1;1.73677E+12;POLYGON ((-6.871934040853017 39.743356828494065, -6.871751149723329 39.74335678441406, -6.871751149723329 39.74344601280034, -6.871934040853017 39.74344597858779, -6.871934040853017 39.743356828494065));13.01.2025 11:30;13.01.2025;
000000000000000001b1;2;20250113T112431_20250113T112443_T29SPD;1;1.73677E+12;POLYGON ((-6.874716504055383 39.75925351965994, -6.874538106002169 39.75925345241127, -6.874538106002169 39.759342657294624, -6.874716504055383 39.75934264627187, -6.874716504055383 39.75925351965994));13.01.2025 11:30;13.01.2025;
000000000000000001b7;2;20250113T112431_20250113T112443_T29SPD;1;1.73677E+12;POLYGON ((-6.874988521106632 39.76446614474304, -6.874894820761127 39.7644661441086, -6.874894820761128 39.76464453845884, -6.874988521106632 39.76464453907068, -6.874988521106632 39.76446614474304));13.01.2025 11:30;13.01.2025;
000000000000000001be;2;20250113T112431_20250113T112443_T29SPD;1;1.73677E+12;POLYGON ((-6.885766102319768 39.739490772373124, -6.885676970009 39.73949074108848, -6.885676970009 39.739673588966355, -6.885766102319768 39.73967354195504, -6.885766102319768 39.739490772373124));13.01.2025 11:30;13.01.2025;
000000000000000001bf;2;20250113T112431_20250113T112443_T29SPD;1;1.73677E+12;POLYGON ((-6.88594453100181 39.735361653621126, -6.885766102319768 39.73536159999993, -6.885766102319768 39.73545083834029, -6.885944531001809 39.73545081366067, -6.88594453100181 39.735361653621126));13.01.2025 11:30;13.01.2025;
000000000000000001c2;2;20250113T112431_20250113T112443_T29SPD;1;1.73677E+12;POLYGON ((-6.886934409783672 39.73940160596844, -6.886756060251641 39.739401550179046, -6.886756060251641 39.73949078251593, -6.886934409783672 39.73949076000978, -6.886934409783672 39.73940160596844));13.01.2025 11:30;13.01.2025;
000000000000000001c6;2;20250113T112431_20250113T112443_T29SPD;1;1.73677E+12;POLYGON ((-6.887924385389668 39.743535189163154, -6.887741531388696 39.743535168615715, -6.887741531388696 39.743624316543645, -6.887924385389668 39.74362433706898, -6.887924385389668 39.743535189163154));13.01.2025 11:30;13.01.2025;
000000000000000001cf;2;20250113T112431_20250113T112443_T29SPD;1;1.73677E+12;POLYGON ((-6.958618950073685 39.816477144813895, -6.958440569537585 39.81647714378917, -6.958440569537585 39.81656633314765, -6.958618950073685 39.81656633415059, -6.958618950073685 39.816477144813895));13.01.2025 11:30;13.01.2025;
1.00E+00;2;20250113T112431_20250113T112443_T29SPD;1;1.73677E+12;POLYGON ((-7.0701009198879445 39.657206929465296, -7.069922566795581 39.65720698424492, -7.069922566795582 39.65729615690161, -7.070100919887944 39.657296180458964, -7.0701009198879445 39.657206929465296));13.01.2025 11:30;13.01.2025;
1.00E+01;2;20250113T112431_20250113T112443_T29SPD;1;1.73677E+12;POLYGON ((-7.081418085864693 39.768595295894606, -7.081239784508123 39.768595314558574, -7.0812397845081225 39.76868893882635, -7.081418085864693 39.76868892013918, -7.081418085864693 39.768595295894606));13.01.2025 11:30;13.01.2025;
1.00E+07;2;20250113T112431_20250113T112443_T29SPD;1;1.73677E+12;POLYGON ((-7.199905335662822 39.78835802230224, -7.199816191293526 39.7883580094478, -7.199816191293526 39.7885408663978, -7.199905335662822 39.78854087922914, -7.199905335662822 39.78835802230224));13.01.2025 11:30;13.01.2025;
000000000000000001f2;2;20250113T112431_20250113T112443_T29SPD;1;1.73677E+12;POLYGON ((-7.32899633243606 39.65846445739791, -7.328813500881173 39.65846441845684, -7.328813500881173 39.65855363492227, -7.32899633243606 39.65855359551108, -7.32899633243606 39.65846445739791));13.01.2025 11:30;13.01.2025;
000000000000000001f3;2;20250113T112431_20250113T112443_T29SPD;1;1.73677E+12;POLYGON ((-7.339056039085588 39.74964416372246, -7.338877712794704 39.749644114442084, -7.338877712794704 39.74973327545108, -7.339056039085588 39.74973332470841, -7.339056039085588 39.74964416372246));13.01.2025 11:30;13.01.2025;
000000000000000001fa;2;20250113T112431_20250113T112443_T29SPD;1;1.73677E+12;POLYGON ((-7.402027466057143 39.63007777989964, -7.401938302979144 39.63007782847387, -7.401938302979144 39.63025616784319, -7.402027466057143 39.63025611924594, -7.402027466057143 39.63007777989964));13.01.2025 11:30;13.01.2025;
000000000000000001fe;2;20250113T112431_20250113T112443_T29SPD;1;1.73677E+12;POLYGON ((-7.4193645099574255 39.73401048707948, -7.419186138742259 39.734010484667586, -7.419186138742259 39.73410411669881, -7.4193645099574255 39.73410411908632, -7.4193645099574255 39.73401048707948));13.01.2025 11:30;13.01.2025;
202;2;20250113T112431_20250113T112443_T29SPD;1;1.73677E+12;POLYGON ((-7.422958516639415 39.75557028259739, -7.422780136066352 39.755570292052006, -7.422780136066352 39.75565943357192, -7.422958516639415 39.755659424094084, -7.422958516639415 39.75557028259739));13.01.2025 11:30;13.01.2025;
203;2;20250113T112431_20250113T112443_T29SPD;1;1.73677E+12;POLYGON ((-7.423136897676876 39.75557027283237, -7.423047707100097 39.75557027775368, -7.423047707100097 39.75575309585255, -7.423136897676876 39.75575309090743, -7.423136897676876 39.75557027283237));13.01.2025 11:30;13.01.2025;
204;2;20250113T112431_20250113T112443_T29SPD;1;1.73677E+12;POLYGON ((-7.429517831688073 39.59746837587545, -7.429335060747976 39.59746840039899, -7.429335060747976 39.597557535289845, -7.429517831688073 39.59755758913724, -7.429517831688073 39.59746837587545));13.01.2025 11:30;13.01.2025;
0000000000000000020a;2;20250113T112431_20250113T112443_T29SPD;1;1.73677E+12;POLYGON ((-7.435626787104752 39.585879161733246, -7.435443999881929 39.5858791940435, -7.435443999881929 39.58596834484619, -7.435626787104752 39.585968390920826, -7.435626787104752 39.585879161733246));13.01.2025 11:30;13.01.2025;
0000000000000000021c;2;20250113T112431_20250113T112443_T29SPD;1;1.73677E+12;POLYGON ((-7.535247580268555 39.66546966405667, -7.535069239110983 39.6654696675034, -7.535069239110983 39.6655588469075, -7.535247580268555 39.665558843437196, -7.535247580268555 39.66546966405667));13.01.2025 11:30;13.01.2025;
3;1;20250113T112431_20250113T112443_T29SPD;1;1.73677E+12;POLYGON ((-6.7651206791002245 39.76033260419859, -6.765031548426672 39.76033255914432, -6.765031548426672 39.76042177555146, -6.765120679100224 39.76042174233515, -6.7651206791002245 39.76033260419859));13.01.2025 11:30;13.01.2025;
7;1;20250113T112431_20250113T112443_T29SPD;1;1.73677E+12;POLYGON ((-6.766561002039899 39.75907514879408, -6.766471787686306 39.759075109598434, -6.766471787686306 39.75916432766824, -6.766561002039899 39.75916428859185, -6.766561002039899 39.75907514879408));13.01.2025 11:30;13.01.2025;
0000000000000000000a;1;20250113T112431_20250113T112443_T29SPD;1;1.73677E+12;POLYGON ((-6.767818430966903 39.75664936058763, -6.767729296581246 39.756649395686274, -6.767729296581245 39.75673853887927, -6.767818430966903 39.756738582034465, -6.767818430966903 39.75664936058763));13.01.2025 11:30;13.01.2025;
0000000000000000000b;1;20250113T112431_20250113T112443_T29SPD;1;1.73677E+12;POLYGON ((-6.768536412507307 39.756109781621674, -6.768447195433257 39.75610982204339, -6.768447195433256 39.75619896593721, -6.768536412507307 39.75619900376995, -6.768536412507307 39.756109781621674));13.01.2025 11:30;13.01.2025;
0000000000000000000d;1;20250113T112431_20250113T112443_T29SPD;1;1.73677E+12;POLYGON ((-6.768803901064566 39.75575309272395, -6.7687147653230735 39.75575312856707, -6.7687147653230735 39.75584227294873, -6.768803901064566 39.755842315360496, -6.768803901064566 39.75575309272395));13.01.2025 11:30;13.01.2025;
0000000000000000000e;1;20250113T112431_20250113T112443_T29SPD;1;1.73677E+12;POLYGON ((-6.7691651022402635 39.75539187184018, -6.769075966001841 39.75539190795232, -6.769075966001841 39.7554810528173, -6.7691651022402635 39.75548109496047, -6.7691651022402635 39.75539187184018));13.01.2025 11:30;13.01.2025;
10;1;20250113T112431_20250113T112443_T29SPD;1;1.73677E+12;POLYGON ((-6.769793879775892 39.768688908270335, -6.769704660970306 39.76868895126278, -6.769704660970306 39.768778154927816, -6.769793879775892 39.76877811192484, -6.769793879775892 39.768688908270335));13.01.2025 11:30;13.01.2025;
12;1;20250113T112431_20250113T112443_T29SPD;1;1.73677E+12;POLYGON ((-6.773744631244822 39.76760986721716, -6.773655407000004 39.767609835244684, -6.773655407000004 39.76769904001471, -6.773744631244822 39.7676989937268, -6.773744631244822 39.76760986721716));13.01.2025 11:30;13.01.2025;
14;1;20250113T112431_20250113T112443_T29SPD;1;1.73677E+12;POLYGON ((-6.775363271881698 39.76653077841764, -6.775274045408833 39.76653074771469, -6.775274045408832 39.7666199538664, -6.775363271881698 39.766619906307774, -6.775363271881698 39.76653077841764));13.01.2025 11:30;13.01.2025;
16;1;20250113T112431_20250113T112443_T29SPD;1;1.73677E+12;POLYGON ((-6.775813655000165 39.765991217709576, -6.7757244279073925 39.765991187331316, -6.775724427907393 39.7660803942165, -6.775813655000165 39.76608034633253, -6.775813655000165 39.765991217709576));13.01.2025 11:30;13.01.2025;
19;1;20250113T112431_20250113T112443_T29SPD;1;1.73677E+12;POLYGON ((-6.778506949246774 39.7730900814315, -6.7784177184473675 39.77309005422723, -6.7784177184473675 39.773179250436804, -6.778506949246773 39.77317927763042, -6.778506949246774 39.7730900814315));13.01.2025 11:30;13.01.2025;
0000000000000000001b;1;20250113T112431_20250113T112443_T29SPD;1;1.73677E+12;POLYGON ((-6.778957272489844 39.77380799799641, -6.778868122784448 39.773807966490885, -6.7788681227844485 39.773897161599486, -6.778957272489844 39.77389719309436, -6.778957272489844 39.77380799799641));13.01.2025 11:30;13.01.2025;
0000000000000000001c;1;20250113T112431_20250113T112443_T29SPD;1;1.73677E+12;POLYGON ((-6.779224804055564 39.772907288055656, -6.779135653982365 39.7729072566736, -6.779135653982365 39.77300091288068, -6.779224804055564 39.773000866009184, -6.779224804055564 39.772907288055656));13.01.2025 11:30;13.01.2025;
0000000000000000001f;1;20250113T112431_20250113T112443_T29SPD;1;1.73677E+12;POLYGON ((-6.78093265221817 39.76590200794092, -6.780843499797177 39.76590197719724, -6.780843499797176 39.7659911836041, -6.780932652218171 39.765991214337134, -6.78093265221817 39.76590200794092));13.01.2025 11:30;13.01.2025;
25;1;20250113T112431_20250113T112443_T29SPD;1;1.73677E+12;POLYGON ((-6.781922571019412 39.7639266312136, -6.781833417237699 39.7639266010887, -6.781833417237698 39.76401581025885, -6.781922571019412 39.764015840373105, -6.781922571019412 39.7639266312136));13.01.2025 11:30;13.01.2025;
28;1;20250113T112431_20250113T112443_T29SPD;1;1.73677E+12;POLYGON ((-6.782640545354676 39.76437701852045, -6.782551308867767 39.764376993847705, -6.782551308867767 39.764466202275614, -6.782640545354675 39.764466148684775, -6.782640545354676 39.76437701852045));13.01.2025 11:30;13.01.2025;
0000000000000000002b;1;20250113T112431_20250113T112443_T29SPD;1;1.73677E+12;POLYGON ((-6.784615873822987 39.764194191917085, -6.784526716339581 39.76419416414914, -6.784526716339581 39.764283372608716, -6.784615873822988 39.76428332211302, -6.784615873822987 39.764194191917085));13.01.2025 11:30;13.01.2025;
0000000000000000002d;1;20250113T112431_20250113T112443_T29SPD;1;1.73677E+12;POLYGON ((-6.785512195275726 39.77335763081419, -6.7854229548386105 39.77335760969489, -6.78542295483861 39.77344680468114, -6.785512195275726 39.773446825789804, -6.785512195275726 39.77335763081419));13.01.2025 11:30;13.01.2025;
30;1;20250113T112431_20250113T112443_T29SPD;1;1.73677E+12;POLYGON ((-6.786234540657671 39.772550554248895, -6.786145380949891 39.772550528875776, -6.786145380949891 39.77263972495358, -6.786234540657671 39.77263967207395, -6.786234540657671 39.772550554248895));13.01.2025 11:30;13.01.2025;
32;1;20250113T112431_20250113T112443_T29SPD;1;1.73677E+12;POLYGON ((-6.787937915046321 39.77066434464482, -6.7878487529980305 39.770664320517255, -6.7878487529980305 39.77075351914411, -6.787937915046322 39.77075354326104, -6.787937915046321 39.77066434464482));13.01.2025 11:30;13.01.2025;
35;1;20250113T112431_20250113T112443_T29SPD;1;1.73677E+12;POLYGON ((-6.7891953499756825 39.6682566214442, -6.789106186199796 39.66825658616457, -6.789106186199797 39.66834577694888, -6.7891953499756825 39.66834581221784, -6.7891953499756825 39.6682566214442));13.01.2025 11:30;13.01.2025;
38;1;20250113T112431_20250113T112443_T29SPD;1;1.73677E+12;POLYGON ((-6.789467418752918 39.66843499718621, -6.7893782546032595 39.668434962162685, -6.7893782546032595 39.668524152656005, -6.789467418752918 39.668524187668865, -6.789467418752918 39.66843499718621));13.01.2025 11:30;13.01.2025;
0000000000000000003b;1;20250113T112431_20250113T112443_T29SPD;1;1.73677E+12;POLYGON ((-6.7913536247330955 39.838665613792976, -6.791264376262989 39.83866560551431, -6.791264376262989 39.83875478254328, -6.7913536247330955 39.83875479081131, -6.7913536247330955 39.838665613792976));13.01.2025 11:30;13.01.2025;
41;1;20250113T112431_20250113T112443_T29SPD;1;1.73677E+12;POLYGON ((-6.792071539966998 39.760510959429446, -6.791982290509856 39.76051094244469, -6.791982290509856 39.76060015538788, -6.792071539966997 39.76060017236198, -6.792071539966998 39.760510959429446));13.01.2025 11:30;13.01.2025;
44;1;20250113T112431_20250113T112443_T29SPD;1;1.73677E+12;POLYGON ((-6.792432707292381 39.75287696421166, -6.792343539069375 39.752876941841194, -6.792343539069376 39.75296616587098, -6.792432707292382 39.7529661882308, -6.792432707292381 39.75287696421166));13.01.2025 11:30;13.01.2025;
46;1;20250113T112431_20250113T112443_T29SPD;1;1.73677E+12;POLYGON ((-6.792521875637868 39.75458482101941, -6.792432707292382 39.75458479892989, -6.792432707292382 39.7546740204595, -6.792521875637868 39.75467396427391, -6.792521875637868 39.75458482101941));13.01.2025 11:30;13.01.2025;
49;1;20250113T112431_20250113T112443_T29SPD;1;1.73677E+12;POLYGON ((-6.792878631975889 39.75341656006535, -6.792789463140396 39.75341653814434, -6.792789463140395 39.75350568306855, -6.792878631975889 39.75350570497891, -6.792878631975889 39.75341656006535));13.01.2025 11:30;13.01.2025;
0000000000000000004c;1;20250113T112431_20250113T112443_T29SPD;1;1.73677E+12;POLYGON ((-6.793418142821891 39.75701052828684, -6.793328973245395 39.75701058552226, -6.793328973245395 39.75709972514741, -6.793418142821891 39.7570997461627, -6.793418142821891 39.75701052828684));13.01.2025 11:30;13.01.2025;
0000000000000000004d;1;20250113T112431_20250113T112443_T29SPD;1;1.73677E+12;POLYGON ((-6.7938684878337 39.76670907154336, -6.793779317638694 39.76670913031332, -6.793779317638694 39.76680271593566, -6.7938684878337 39.76680273540341, -6.7938684878337 39.76670907154336));13.01.2025 11:30;13.01.2025;
0000000000000000004f;1;20250113T112431_20250113T112443_T29SPD;1;1.73677E+12;POLYGON ((-6.794497259696994 39.75458480102368, -6.794408088638453 39.7545847806398, -6.794408088638453 39.75467400193406, -6.794497259696994 39.754674022307285, -6.794497259696994 39.75458480102368));13.01.2025 11:30;13.01.2025;
50;1;20250113T112431_20250113T112443_T29SPD;1;1.73677E+12;POLYGON ((-6.794497259696994 39.76132252026288, -6.794408088638454 39.76132250068369, -6.794408088638453 39.761411712154484, -6.7944972596969935 39.76141173172303, -6.794497259696994 39.76132252026288));13.01.2025 11:30;13.01.2025;
0000000000000000005c;1;20250113T112431_20250113T112443_T29SPD;1;1.73677E+12;POLYGON ((-6.798987601749181 39.67265770495578, -6.798898424524828 39.672657757021945, -6.798898424524826 39.672746940258364, -6.798987601749181 39.67274688818164, -6.798987601749181 39.67265770495578));13.01.2025 11:30;13.01.2025;
0000000000000000005d;1;20250113T112431_20250113T112443_T29SPD;1;1.73677E+12;POLYGON ((-6.799527163350378 39.765902028911114, -6.799437985385271 39.765902014222526, -6.799437985385271 39.765991218415344, -6.799527163350378 39.76599115484406, -6.799527163350378 39.765902028911114));13.01.2025 11:30;13.01.2025;
65;1;20250113T112431_20250113T112443_T29SPD;1;1.73677E+12;POLYGON ((-6.80213127930486 39.75970388785144, -6.802042097764981 39.75970387467154, -6.802042097764981 39.759793009335475, -6.80213127930486 39.75979302250474, -6.80213127930486 39.75970388785144));13.01.2025 11:30;13.01.2025;
66;1;20250113T112431_20250113T112443_T29SPD;1;1.73677E+12;POLYGON ((-6.80213127930486 39.86785936965166, -6.802042097764981 39.8678593693773, -6.802042097764981 39.867952955083105, -6.80213127930486 39.86795295534631, -6.80213127930486 39.86785936965166));13.01.2025 11:30;13.01.2025;
0000000000000000006a;1;20250113T112431_20250113T112443_T29SPD;1;1.73677E+12;POLYGON ((-6.802853646114936 39.75970385921258, -6.802759967675492 39.759703875574104, -6.802759967675492 39.759793010152485, -6.802853646114936 39.75979307203662, -6.802853646114936 39.75970385921258));13.01.2025 11:30;13.01.2025;
0000000000000000006f;1;20250113T112431_20250113T112443_T29SPD;1;1.73677E+12;POLYGON ((-6.803388743873782 39.848819002249684, -6.8032995606079645 39.84881900079222, -6.8032995606079645 39.84890816151584, -6.803388743873781 39.84890816296266, -6.803388743873782 39.848819002249684));13.01.2025 11:30;13.01.2025;
70;1;20250113T112431_20250113T112443_T29SPD;1;1.73677E+12;POLYGON ((-6.804017444411184 39.85860673079833, -6.803928260282492 39.85860673105116, -6.803928260282492 39.8587003307627, -6.804017444411185 39.858700330498706, -6.804017444411184 39.85860673079833));13.01.2025 11:30;13.01.2025;
72;1;20250113T112431_20250113T112443_T29SPD;1;1.73677E+12;POLYGON ((-6.804556966039737 39.85771046742162, -6.804467781170602 39.85771046803388, -6.804467781170602 39.857799615589336, -6.804556966039737 39.85779961496646, -6.804556966039737 39.85771046742162));13.01.2025 11:30;13.01.2025;
74;1;20250113T112431_20250113T112443_T29SPD;1;1.73677E+12;POLYGON ((-6.805096573894253 39.75898590479965, -6.805007388284581 39.75898597235269, -6.805007388284581 39.75907510770895, -6.805096573894253 39.75907511840285, -6.805096573894253 39.75898590479965));13.01.2025 11:30;13.01.2025;
75;1;20250113T112431_20250113T112443_T29SPD;1;1.73677E+12;POLYGON ((-6.805279359815884 39.76455539705211, -6.805185759626315 39.764555333173945, -6.8051857596263154 39.7646445386452, -6.805279359815884 39.76464452426175, -6.805279359815884 39.76455539705211));13.01.2025 11:30;13.01.2025;
76;1;20250113T112431_20250113T112443_T29SPD;1;1.73677E+12;POLYGON ((-6.805636104481841 39.75853556932586, -6.805546918131767 39.758535559033504, -6.805546918131767 39.75862477323957, -6.805636104481841 39.75862478352126, -6.805636104481841 39.75853556932586));13.01.2025 11:30;13.01.2025;
79;1;20250113T112431_20250113T112443_T29SPD;1;1.73677E+12;POLYGON ((-6.805997265489889 39.85555227409233, -6.805908078644207 39.855552197558296, -6.805908078644207 39.85564587985597, -6.80599726548989 39.855645878245085, -6.805997265489889 39.85555227409233));13.01.2025 11:30;13.01.2025;
0000000000000000007a;1;20250113T112431_20250113T112443_T29SPD;1;1.73677E+12;POLYGON ((-6.805997265489889 39.86291866802232, -6.805908078644206 39.86291867050031, -6.805908078644206 39.86301234145206, -6.805997265489888 39.8630123389629, -6.805997265489889 39.86291866802232));13.01.2025 11:30;13.01.2025;
0000000000000000007b;1;20250113T112431_20250113T112443_T29SPD;1;1.73677E+12;POLYGON ((-6.806086452457958 39.83435363349474, -6.805997265489889 39.83435363264333, -6.805997265489889 39.834442814231004, -6.806086452457957 39.834442815071775, -6.806086452457958 39.83435363349474));13.01.2025 11:30;13.01.2025;
83;1;20250113T112431_20250113T112443_T29SPD;1;1.73677E+12;POLYGON ((-6.806715179093841 39.86256190439299, -6.806625991263028 39.86256190744894, -6.8066259912630285 39.86265112576065, -6.806715179093841 39.86265112269406, -6.806715179093841 39.86256190439299));13.01.2025 11:30;13.01.2025;
85;1;20250113T112431_20250113T112443_T29SPD;1;1.73677E+12;POLYGON ((-6.806982743320568 39.83525441024744, -6.806893555122612 39.835254410278026, -6.806893555122612 39.835343590439926, -6.806982743320568 39.83534359039871, -6.806982743320568 39.83525441024744));13.01.2025 11:30;13.01.2025;
0000000000000000008a;1;20250113T112431_20250113T112443_T29SPD;1;1.73677E+12;POLYGON ((-6.807611478626371 39.84522493838184, -6.8075222895657115 39.845224940145094, -6.8075222895657115 39.84531410563029, -6.807611478626371 39.845314103856396, -6.807611478626371 39.84522493838184));13.01.2025 11:30;13.01.2025;
0000000000000000008c;1;20250113T112431_20250113T112443_T29SPD;1;1.73677E+12;POLYGON ((-6.808868967482297 39.83525439556071, -6.808779776696318 39.83525439722138, -6.808779776696317 39.83534357715828, -6.808868967482297 39.83534357548698, -6.808868967482297 39.83525439556071));13.01.2025 11:30;13.01.2025;
92;1;20250113T112431_20250113T112443_T29SPD;1;1.73677E+12;POLYGON ((-6.810037206398482 39.764466204319874, -6.809948014009771 39.76446619853787, -6.809948014009771 39.76455532532064, -6.810037206398482 39.76455533109199, -6.810037206398482 39.764466204319874));13.01.2025 11:30;13.01.2025;
93;1;20250113T112431_20250113T112443_T29SPD;1;1.73677E+12;POLYGON ((-6.810037206398482 39.764644535984104, -6.8099480140097715 39.764644530223414, -6.809948014009771 39.76473373499608, -6.810037206398482 39.76473374074612, -6.810037206398482 39.764644535984104));13.01.2025 11:30;13.01.2025;
99;1;20250113T112431_20250113T112443_T29SPD;1;1.73677E+12;POLYGON ((-6.81147754552554 39.84612126524199, -6.811383854656377 39.84612122207939, -6.811383854656376 39.846210385791, -6.81147754552554 39.846210428942356, -6.81147754552554 39.84612126524199));13.01.2025 11:30;13.01.2025;
0000000000000000009a;1;20250113T112431_20250113T112443_T29SPD;1;1.73677E+12;POLYGON ((-6.8115667400124496 39.845942854036515, -6.81147754552554 39.845942859303925, -6.81147754552554 39.84603202326562, -6.8115667400124496 39.846032017987596, -6.8115667400124496 39.845942854036515));13.01.2025 11:30;13.01.2025;
0000000000000000009d;1;20250113T112431_20250113T112443_T29SPD;1;1.73677E+12;POLYGON ((-6.811923437428286 39.84477455110993, -6.81183424245209 39.844774556546255, -6.81183424245209 39.84486380032358, -6.811923437428286 39.8448637948766, -6.811923437428286 39.84477455110993));13.01.2025 11:30;13.01.2025;
000000000000000000a0;1;20250113T112431_20250113T112443_T29SPD;1;1.73677E+12;POLYGON ((-6.812195437895717 39.844413391286594, -6.812106242546426 39.84441339691495, -6.812106242546426 39.84450701743752, -6.812195437895716 39.844507011797994, -6.812195437895717 39.844413391286594));13.01.2025 11:30;13.01.2025;
000000000000000000a2;1;20250113T112431_20250113T112443_T29SPD;1;1.73677E+12;POLYGON ((-6.812284633367352 39.833185383895184, -6.812195437895718 39.833185388261, -6.812195437895717 39.83327457081947, -6.812284633367354 39.83327456644302, -6.812284633367352 39.833185383895184));13.01.2025 11:30;13.01.2025;
000000000000000000a4;1;20250113T112431_20250113T112443_T29SPD;1;1.73677E+12;POLYGON ((-6.812462942921677 39.843784679901184, -6.812373828961333 39.84378468088129, -6.812373828961333 39.84387830233723, -6.812462942921676 39.84387830134596, -6.812462942921677 39.843784679901184));13.01.2025 11:30;13.01.2025;
000000000000000000a6;1;20250113T112431_20250113T112443_T29SPD;1;1.73677E+12;POLYGON ((-6.812824141857411 39.831571196388786, -6.81273494564577 39.831571201028275, -6.8127349456457695 39.83166038588546, -6.812824141857411 39.83166038123534, -6.812824141857411 39.831571196388786));13.01.2025 11:30;13.01.2025;
000000000000000000a9;1;20250113T112431_20250113T112443_T29SPD;1;1.73677E+12;POLYGON ((-6.813002534647714 39.7669811343381, -6.812913338191393 39.76698113141842, -6.812913338191393 39.767070254182684, -6.813002534647714 39.767070257091724, -6.813002534647714 39.7669811343381));13.01.2025 11:30;13.01.2025;
000000000000000000aa;1;20250113T112431_20250113T112443_T29SPD;1;1.73677E+12;POLYGON ((-6.813091731226375 39.83103161500325, -6.813002534647714 39.831031619809615, -6.813002534647714 39.831120805424746, -6.813091731226374 39.831120800607756, -6.813091731226375 39.83103161500325));13.01.2025 11:30;13.01.2025;
000000000000000000ac;1;20250113T112431_20250113T112443_T29SPD;1;1.73677E+12;POLYGON ((-6.813270042993722 39.84073018744505, -6.813180927927376 39.84073018875781, -6.813180927927376 39.84082381480969, -6.81327004299372 39.84082381348577, -6.813270042993722 39.84073018744505));13.01.2025 11:30;13.01.2025;
000000000000000000af;1;20250113T112431_20250113T112443_T29SPD;1;1.73677E+12;POLYGON ((-6.813720443853223 39.84019509994644, -6.813631246412251 39.84019510638967, -6.813631246412251 39.840284278512776, -6.813720443853223 39.840284272058916, -6.813720443853223 39.84019509994644));13.01.2025 11:30;13.01.2025;
000000000000000000b0;1;20250113T112431_20250113T112443_T29SPD;1;1.73677E+12;POLYGON ((-6.813903254022874 39.8390268249991, -6.8138096414165235 39.83902677833883, -6.813809641416524 39.839115952151566, -6.813903254022873 39.83911599880061, -6.813903254022874 39.8390268249991));13.01.2025 11:30;13.01.2025;
000000000000000000b4;1;20250113T112431_20250113T112443_T29SPD;1;1.73677E+12;POLYGON ((-6.814259964254746 39.83839805023336, -6.814170847831962 39.83839805212279, -6.814170847831962 39.83848722681309, -6.814259964254746 39.83848722491303, -6.814259964254746 39.83839805023336));13.01.2025 11:30;13.01.2025;
000000000000000000b5;1;20250113T112431_20250113T112443_T29SPD;1;1.73677E+12;POLYGON ((-6.814349162557993 39.835071602163744, -6.814259964254746 39.835071608539046, -6.814259964254746 39.83516078808944, -6.814349162557993 39.8351607817035, -6.814349162557993 39.835071602163744));13.01.2025 11:30;13.01.2025;
000000000000000000b7;1;20250113T112431_20250113T112443_T29SPD;1;1.73677E+12;POLYGON ((-6.8145319744948685 39.83785849913314, -6.814438360983574 39.83785853105148, -6.814438360983574 39.8379477064999, -6.814531974494869 39.837947674570415, -6.8145319744948685 39.83785849913314));13.01.2025 11:30;13.01.2025;
000000000000000000b9;1;20250113T112431_20250113T112443_T29SPD;1;1.73677E+12;POLYGON ((-6.814888769934025 39.75548110533507, -6.8147995708907425 39.75548110267043, -6.814799570890743 39.75557024196342, -6.814888769934025 39.7555702446174, -6.814888769934025 39.75548110533507));13.01.2025 11:30;13.01.2025;
000000000000000000bb;1;20250113T112431_20250113T112443_T29SPD;1;1.73677E+12;POLYGON ((-6.8152499005830585 39.83749734170431, -6.815160701044527 39.83749734914765, -6.815160701044528 39.83758652503867, -6.8152499005830585 39.83758651758469, -6.8152499005830585 39.83749734170431));13.01.2025 11:30;13.01.2025;
000000000000000000bf;1;20250113T112431_20250113T112443_T29SPD;1;1.73677E+12;POLYGON ((-6.81596783459544 39.82941298169485, -6.815878634072381 39.82941298879392, -6.815878634072381 39.829502176434964, -6.8159678345954395 39.82950216932526, -6.81596783459544 39.82941298169485));13.01.2025 11:30;13.01.2025;
000000000000000000c2;1;20250113T112431_20250113T112443_T29SPD;1;1.73677E+12;POLYGON ((-6.817225321529857 39.7639266269985, -6.817136119282479 39.76392662736218, -6.817136119282479 39.76401583232296, -6.817225321529857 39.76401583194861, -6.817225321529857 39.7639266269985));13.01.2025 11:30;13.01.2025;
000000000000000000c3;1;20250113T112431_20250113T112443_T29SPD;1;1.73677E+12;POLYGON ((-6.817225321529857 39.837947663588935, -6.817136119282479 39.837947672793575, -6.8171361192824795 39.838036847789255, -6.817225321529857 39.83803691672903, -6.817225321529857 39.837947663588935));13.01.2025 11:30;13.01.2025;
000000000000000000c4;1;20250113T112431_20250113T112443_T29SPD;1;1.73677E+12;POLYGON ((-6.817314442137467 39.76383742629408, -6.817225321529856 39.763837421918296, -6.817225321529857 39.7639266269985, -6.817314442137467 39.76392663136364, -6.817314442137467 39.76383742629408));13.01.2025 11:30;13.01.2025;
000000000000000000c6;1;20250113T112431_20250113T112443_T29SPD;1;1.73677E+12;POLYGON ((-6.817403644629359 39.837947727911754, -6.817314442137467 39.83794773727053, -6.817314442137466 39.83803691224481, -6.817403644629359 39.83803690287539, -6.817403644629359 39.837947727911754));13.01.2025 11:30;13.01.2025;
000000000000000000c8;1;20250113T112431_20250113T112443_T29SPD;1;1.73677E+12;POLYGON ((-6.818032398935266 39.76356540233386, -6.81794319558127 39.763565403351706, -6.81794319558127 39.76365460874276, -6.818032398935266 39.763654607714244, -6.818032398935266 39.76356540233386));13.01.2025 11:30;13.01.2025;
000000000000000000ca;1;20250113T112431_20250113T112443_T29SPD;1;1.73677E+12;POLYGON ((-6.818482751007842 39.838126074607736, -6.818393547036371 39.83812608492063, -6.818393547036372 39.83821525950483, -6.818482751007841 39.838215249181296, -6.818482751007842 39.838126074607736));13.01.2025 11:30;13.01.2025;
000000000000000000cf;1;20250113T112431_20250113T112443_T29SPD;1;1.73677E+12;POLYGON ((-6.820101444134233 39.76374822597508, -6.820007740842773 39.763748258493024, -6.820007740842774 39.76383746337055, -6.820101444134233 39.76383743084145, -6.820101444134233 39.76374822597508));13.01.2025 11:30;13.01.2025;
000000000000000000d0;1;20250113T112431_20250113T112443_T29SPD;1;1.73677E+12;POLYGON ((-6.820101444134232 39.76392663557773, -6.820007740842774 39.76392658986828, -6.820007740842773 39.76401579448574, -6.820101444134233 39.76401584018394, -6.820101444134232 39.76392663557773));13.01.2025 11:30;13.01.2025;
000000000000000000d1;1;20250113T112431_20250113T112443_T29SPD;1;1.73677E+12;POLYGON ((-6.821086890410692 39.76302585077769, -6.820997682869105 39.76302585437037, -6.820997682869104 39.76311952047016, -6.821086890410692 39.76311951686629, -6.821086890410692 39.76302585077769));13.01.2025 11:30;13.01.2025;
000000000000000000d4;1;20250113T112431_20250113T112443_T29SPD;1;1.73677E+12;POLYGON ((-6.822522731643253 39.7615900712928, -6.8224335221334895 39.76159007595456, -6.8224335221334895 39.76167920543666, -6.822522731643253 39.76167920076424, -6.822522731643253 39.7615900712928));13.01.2025 11:30;13.01.2025;
000000000000000000d5;1;20250113T112431_20250113T112443_T29SPD;1;1.73677E+12;POLYGON ((-6.822794694661344 39.76150090709685, -6.822705566547666 39.7615009071729, -6.822705566547665 39.761590036752395, -6.822794694661344 39.761590036665694, -6.822794694661344 39.76150090709685));13.01.2025 11:30;13.01.2025;
000000000000000000d8;1;20250113T112431_20250113T112443_T29SPD;1;1.73677E+12;POLYGON ((-6.825849164343417 39.76024340468068, -6.825760032047398 39.76024340724359, -6.825760032047397 39.760332616543515, -6.825849164343417 39.760332613969936, -6.825849164343417 39.76024340468068));13.01.2025 11:30;13.01.2025;
000000000000000000d9;1;20250113T112431_20250113T112443_T29SPD;1;1.73677E+12;POLYGON ((-6.827106678677339 39.750272852023556, -6.827017462885448 39.750272859293055, -6.827017462885448 39.750362004710375, -6.827106678677339 39.75036207569653, -6.827106678677339 39.750272852023556));13.01.2025 11:30;13.01.2025;
000000000000000000da;1;20250113T112431_20250113T112443_T29SPD;1;1.73677E+12;POLYGON ((-6.827824579952742 39.75961464478193, -6.827735363177176 39.75961465378926, -6.827735363177176 39.75970386376942, -6.8278245799527415 39.75970385475141, -6.827824579952742 39.75961464478193));13.01.2025 11:30;13.01.2025;
000000000000000000db;1;20250113T112431_20250113T112443_T29SPD;1;1.73677E+12;POLYGON ((-6.827913796850551 39.82689804472912, -6.8278245799527415 39.82689806185497, -6.827824579952742 39.826987251748776, -6.827913796850551 39.826987234612275, -6.827913796850551 39.82689804472912));13.01.2025 11:30;13.01.2025;
000000000000000000dc;1;20250113T112431_20250113T112443_T29SPD;1;1.73677E+12;POLYGON ((-6.8284533531602385 39.75224827341813, -6.8283641355231595 39.75224820382396, -6.8283641355231595 39.752337424467335, -6.828453353160239 39.75233741578707, -6.8284533531602385 39.75224827341813));13.01.2025 11:30;13.01.2025;
0.00E+00;1;20250113T112431_20250113T112443_T29SPD;1;1.73677E+12;POLYGON ((-6.829621616652042 39.75871392831557, -6.829532397414372 39.75871393876828, -6.829532397414372 39.75880761039693, -6.829621616652043 39.75880759993301, -6.829621616652042 39.75871392831557));13.01.2025 11:30;13.01.2025;
000000000000000000ec;1;20250113T112431_20250113T112443_T29SPD;1;1.73677E+12;POLYGON ((-6.830968261365703 39.74919371994961, -6.830879040283211 39.749193730427265, -6.830879040283211 39.74928295522103, -6.830968261365703 39.7492829447327, -6.830968261365703 39.74919371994961));13.01.2025 11:30;13.01.2025;
000000000000000000f0;1;20250113T112431_20250113T112443_T29SPD;1;1.73677E+12;POLYGON ((-6.8315077612026265 39.81710583114287, -6.831418621160894 39.81710584538786, -6.831418621160894 39.817195049179986, -6.8315077612026265 39.817195034924346, -6.8315077612026265 39.81710583114287));13.01.2025 11:30;13.01.2025;
000000000000000000f2;1;20250113T112431_20250113T112443_T29SPD;1;1.73677E+12;POLYGON ((-6.831775345620276 39.816927526778784, -6.831686205212341 39.81692746305301, -6.83168620521234 39.817016667074064, -6.831775345620276 39.81701665260857, -6.831775345620276 39.816927526778784));13.01.2025 11:30;13.01.2025;
000000000000000000f7;1;20250113T112431_20250113T112443_T29SPD;1;1.73677E+12;POLYGON ((-6.83195820650864 39.82123943848296, -6.831868984070084 39.82123945842989, -6.831868984070083 39.821328656120286, -6.83195820650864 39.821328636162725, -6.83195820650864 39.82123943848296));13.01.2025 11:30;13.01.2025;
000000000000000000f8;1;20250113T112431_20250113T112443_T29SPD;1;1.73677E+12;POLYGON ((-6.832136569971689 39.81207597422289, -6.8320473472888175 39.812075993229215, -6.832047347288818 39.81216520430364, -6.832136569971689 39.81216518528666, -6.832136569971689 39.81207597422289));13.01.2025 11:30;13.01.2025;
000000000000000000fb;1;20250113T112431_20250113T112443_T29SPD;1;1.73677E+12;POLYGON ((-6.832854444914256 39.81243719090772, -6.832765303029578 39.81243720575837, -6.832765303029577 39.81252633803233, -6.832854444914256 39.81252640135717, -6.832854444914256 39.81243719090772));13.01.2025 11:30;13.01.2025;
000000000000000000fe;1;20250113T112431_20250113T112443_T29SPD;1;1.73677E+12;POLYGON ((-6.833483184901058 39.820789098199555, -6.833393960373724 39.82078911941131, -6.833393960373723 39.820878239402624, -6.833483184901058 39.8208782963556, -6.833483184901058 39.820789098199555));13.01.2025 11:30;13.01.2025;
100;1;20250113T112431_20250113T112443_T29SPD;1;1.73677E+12;POLYGON ((-6.833755193700953 39.80345208100829, -6.833665968801072 39.80345210038352, -6.833665968801072 39.80354124567756, -6.833755193700953 39.80354130448923, -6.833755193700953 39.80345208100829));13.01.2025 11:30;13.01.2025;
104;1;20250113T112431_20250113T112443_T29SPD;1;1.73677E+12;POLYGON ((-6.833844336940199 39.81306594639039, -6.833755193700953 39.813065883985935, -6.833755193700954 39.81315509340789, -6.833844336940198 39.81315507761635, -6.833844336940199 39.81306594639039));13.01.2025 11:30;13.01.2025;
105;1;20250113T112431_20250113T112443_T29SPD;1;1.73677E+12;POLYGON ((-6.833933562084378 39.74712917666382, -6.833844336940199 39.747129189457304, -6.833844336940199 39.74721833863459, -6.833933562084377 39.74721840410006, -6.833933562084378 39.74712917666382));13.01.2025 11:30;13.01.2025;
0000000000000000010a;1;20250113T112431_20250113T112443_T29SPD;1;1.73677E+12;POLYGON ((-6.83456231248614 39.79806102960855, -6.834473086480849 39.79806104903724, -6.834473086480849 39.798150202108864, -6.83456231248614 39.7981502608739, -6.83456231248614 39.79806102960855));13.01.2025 11:30;13.01.2025;
0000000000000000010e;1;20250113T112431_20250113T112443_T29SPD;1;1.73677E+12;POLYGON ((-6.835012615345288 39.74775796665234, -6.834923470507493 39.74775789736568, -6.834923470507494 39.747847123767066, -6.835012615345288 39.74784711477423, -6.835012615345288 39.74775796665234));13.01.2025 11:30;13.01.2025;
0000000000000000010f;1;20250113T112431_20250113T112443_T29SPD;1;1.73677E+12;POLYGON ((-6.835101842089473 39.79222406739258, -6.835012615345288 39.79222408658995, -6.835012615345288 39.79231324812039, -6.835101842089473 39.79231322891237, -6.835101842089473 39.79222406739258));13.01.2025 11:30;13.01.2025;
111;1;20250113T112431_20250113T112443_T29SPD;1;1.73677E+12;POLYGON ((-6.835369359485678 39.792041237522575, -6.835280214159781 39.79204125210849, -6.835280214159781 39.79213487195867, -6.835369359485678 39.79213493557357, -6.835369359485678 39.792041237522575));13.01.2025 11:30;13.01.2025;
115;1;20250113T112431_20250113T112443_T29SPD;1;1.73677E+12;POLYGON ((-6.835458586718413 39.7990509673648, -6.835369359485678 39.79905098768674, -6.835369359485678 39.79914013920526, -6.8354585867184126 39.79914011887265, -6.835458586718413 39.7990509673648));13.01.2025 11:30;13.01.2025;
116;1;20250113T112431_20250113T112443_T29SPD;1;1.73677E+12;POLYGON ((-6.83555223046255 39.747668718218215, -6.835458586718414 39.74766875792948, -6.835458586718413 39.74775790612782, -6.835552230462551 39.747757944674156, -6.83555223046255 39.747668718218215));13.01.2025 11:30;13.01.2025;
117;1;20250113T112431_20250113T112443_T29SPD;1;1.73677E+12;POLYGON ((-6.835552230462551 39.793931921104594, -6.835458586718413 39.79393188839517, -6.835458586718413 39.79402112558818, -6.835552230462551 39.79402108007676, -6.835552230462551 39.793931921104594));13.01.2025 11:30;13.01.2025;
119;1;20250113T112431_20250113T112443_T29SPD;1;1.73677E+12;POLYGON ((-6.835641376160619 39.79689277425471, -6.835552230462551 39.796892789655466, -6.835552230462551 39.79698194430397, -6.835641376160619 39.79698192889256, -6.835641376160619 39.79689277425471));13.01.2025 11:30;13.01.2025;
0000000000000000011b;1;20250113T112431_20250113T112443_T29SPD;1;1.73677E+12;POLYGON ((-6.8357306037658665 39.75718889113436, -6.83564137616062 39.75718890668492, -6.835641376160619 39.75727811925434, -6.835730603765867 39.75727810369312, -6.8357306037658665 39.75718889113436));13.01.2025 11:30;13.01.2025;
0000000000000000011d;1;20250113T112431_20250113T112443_T29SPD;1;1.73677E+12;POLYGON ((-6.835730603765867 39.79824390182674, -6.835641376160619 39.79824384408325, -6.835641376160619 39.798333074952026, -6.8357306037658665 39.7983330544807, -6.835730603765867 39.79824390182674));13.01.2025 11:30;13.01.2025;
120;1;20250113T112431_20250113T112443_T29SPD;1;1.73677E+12;POLYGON ((-6.835908895772058 39.79374907942112, -6.835819749707979 39.79374909467722, -6.83581974970798 39.79383825388429, -6.835908895772058 39.79383831682729, -6.835908895772058 39.79374907942112));13.01.2025 11:30;13.01.2025;
121;1;20250113T112431_20250113T112443_T29SPD;1;1.73677E+12;POLYGON ((-6.836270143043543 39.79959050379821, -6.836180914699453 39.79959052488637, -6.836180914699453 39.79967967551966, -6.836270143043544 39.7996797326231, -6.836270143043543 39.79959050379821));13.01.2025 11:30;13.01.2025;
123;1;20250113T112431_20250113T112443_T29SPD;1;1.73677E+12;POLYGON ((-6.836448518312175 39.793570700785054, -6.836359289723821 39.79357072130776, -6.836359289723821 39.79365988071065, -6.836448518312174 39.793659938387215, -6.836448518312175 39.793570700785054));13.01.2025 11:30;13.01.2025;
125;1;20250113T112431_20250113T112443_T29SPD;1;1.73677E+12;POLYGON ((-6.836626812282762 39.800130104967174, -6.83653766523649 39.800130043404465, -6.83653766523649 39.800219271408565, -6.836626812282762 39.80021925475897, -6.836626812282762 39.800130104967174));13.01.2025 11:30;13.01.2025;
126;1;20250113T112431_20250113T112443_T29SPD;1;1.73677E+12;POLYGON ((-6.836720457705838 39.800036450221874, -6.836626812282762 39.80003641934388, -6.836626812282762 39.800130104967174, -6.836720457705837 39.800130057631705, -6.836720457705838 39.800036450221874));13.01.2025 11:30;13.01.2025;
127;1;20250113T112431_20250113T112443_T29SPD;1;1.73677E+12;POLYGON ((-6.836809686788756 39.7568277559244, -6.836720457705838 39.75682777236451, -6.836720457705838 39.75692136771901, -6.836809686788755 39.75692135126769, -6.836809686788756 39.7568277559244));13.01.2025 11:30;13.01.2025;
129;1;20250113T112431_20250113T112443_T29SPD;1;1.73677E+12;POLYGON ((-6.837077211196797 39.81791293082727, -6.8369880635343465 39.817912949980204, -6.8369880635343465 39.818006608109165, -6.837077211196798 39.818006588945046, -6.837077211196797 39.81791293082727));13.01.2025 11:30;13.01.2025;
0000000000000000012b;1;20250113T112431_20250113T112443_T29SPD;1;1.73677E+12;POLYGON ((-6.837527613223878 39.81854166006689, -6.837438383157916 39.81854168450748, -6.837438383157916 39.81863534161398, -6.8375276132238785 39.8186353171622, -6.837527613223878 39.81854166006689));13.01.2025 11:30;13.01.2025;
0000000000000000012c;1;20250113T112431_20250113T112443_T29SPD;1;1.73677E+12;POLYGON ((-6.837795140579235 39.81396223119877, -6.837705991934654 39.813962172316174, -6.837705991934655 39.81405137995366, -6.837795140579235 39.81405136064181, -6.837795140579235 39.81396223119877));13.01.2025 11:30;13.01.2025;
0000000000000000012f;1;20250113T112431_20250113T112443_T29SPD;1;1.73677E+12;POLYGON ((-6.837977936575905 39.814858453652505, -6.837884289345774 39.81485850397073, -6.837884289345773 39.81495208849592, -6.837977936575905 39.81495211634848, -6.837977936575905 39.814858453652505));13.01.2025 11:30;13.01.2025;
130;1;20250113T112431_20250113T112443_T29SPD;1;1.73677E+12;POLYGON ((-6.838067167380645 39.75656017401823, -6.837977936575905 39.75656019151335, -6.837977936575906 39.756649404719155, -6.838067167380645 39.75664938721336, -6.838067167380645 39.75656017401823));13.01.2025 11:30;13.01.2025;
133;1;20250113T112431_20250113T112443_T29SPD;1;1.73677E+12;POLYGON ((-6.838334696950946 39.75718892422788, -6.8382454657799085 39.75718894202952, -6.8382454657799085 39.75727807603033, -6.838334696950946 39.75727813647433, -6.838334696950946 39.75718892422788));13.01.2025 11:30;13.01.2025;
134;1;20250113T112431_20250113T112443_T29SPD;1;1.73677E+12;POLYGON ((-6.838606726004509 39.807585686281676, -6.838513077870838 39.807585658069335, -6.838513077870838 39.807674874935856, -6.838606726004509 39.807674824945174, -6.838606726004509 39.807585686281676));13.01.2025 11:30;13.01.2025;
135;1;20250113T112431_20250113T112443_T29SPD;1;1.73677E+12;POLYGON ((-6.838874257789692 39.80569945057517, -6.838785025879914 39.80569947464537, -6.838785025879915 39.805788694237364, -6.838874257789692 39.805788670156495, -6.838874257789692 39.80569945057517));13.01.2025 11:30;13.01.2025;
136;1;20250113T112431_20250113T112443_T29SPD;1;1.73677E+12;POLYGON ((-6.839141790673061 39.808932320463, -6.839052640186379 39.80893234032663, -6.839052640186379 39.80902147696912, -6.839141790673062 39.809021535284806, -6.839141790673061 39.808932320463));13.01.2025 11:30;13.01.2025;
137;1;20250113T112431_20250113T112443_T29SPD;1;1.73677E+12;POLYGON ((-6.839235439710125 39.80875399611238, -6.839141790673061 39.80875396861826, -6.839141790673061 39.8088431837009, -6.839235439710124 39.80884313299355, -6.839235439710125 39.80875399611238));13.01.2025 11:30;13.01.2025;
139;1;20250113T112431_20250113T112443_T29SPD;1;1.73677E+12;POLYGON ((-6.839770509540152 39.75458482317038, -6.839681358193498 39.75458483707843, -6.839681358193497 39.75467397469993, -6.839770509540152 39.75467396078121, -6.839770509540152 39.75458482317038));13.01.2025 11:30;13.01.2025;
0000000000000000013a;1;20250113T112431_20250113T112443_T29SPD;1;1.73677E+12;POLYGON ((-6.8398641594805785 39.805427510643845, -6.839770509540152 39.805427483300136, -6.839770509540152 39.805516624977244, -6.8398641594805785 39.80551665230969, -6.8398641594805785 39.805427510643845));13.01.2025 11:30;13.01.2025;
0000000000000000013b;1;20250113T112431_20250113T112443_T29SPD;1;1.73677E+12;POLYGON ((-6.840042544586511 39.754223654956476, -6.839953311077265 39.754223595619614, -6.839953311077265 39.75431281199452, -6.840042544586512 39.75431279306068, -6.840042544586511 39.754223654956476));13.01.2025 11:30;13.01.2025;
0000000000000000013c;1;20250113T112431_20250113T112443_T29SPD;1;1.73677E+12;POLYGON ((-6.840042544586512 39.80542746544997, -6.839953311077266 39.805427490497934, -6.839953311077265 39.805516632153136, -6.840042544586513 39.80551668528887, -6.840042544586512 39.80542746544997));13.01.2025 11:30;13.01.2025;
0000000000000000013d;1;20250113T112431_20250113T112443_T29SPD;1;1.73677E+12;POLYGON ((-6.841032464020579 39.80470956773205, -6.840938812401609 39.80470954135804, -6.840938812401609 39.80479876213916, -6.8410324640205795 39.804798710306706, -6.841032464020579 39.80470956773205));13.01.2025 11:30;13.01.2025;
0000000000000000013f;1;20250113T112431_20250113T112443_T29SPD;1;1.73677E+12;POLYGON ((-6.842196290866836 39.7980610344435, -6.842107054409293 39.79806106047321, -6.842107054409292 39.79815021263008, -6.842196290866835 39.79815018658971, -6.842196290866836 39.7980610344435));13.01.2025 11:30;13.01.2025;
141;1;20250113T112431_20250113T112443_T29SPD;1;1.73677E+12;POLYGON ((-6.842468254242903 39.79608563936963, -6.84237909920665 39.79608566057171, -6.84237909920665 39.796174815580756, -6.842468254242903 39.7961748725741, -6.842468254242903 39.79608563936963));13.01.2025 11:30;13.01.2025;
145;1;20250113T112431_20250113T112443_T29SPD;1;1.73677E+12;POLYGON ((-6.842918611729825 39.80444203355939, -6.842825039195353 39.80444200403641, -6.842825039195352 39.80453122498239, -6.842918611729825 39.80453117629878, -6.842918611729825 39.80444203355939));13.01.2025 11:30;13.01.2025;
146;1;20250113T112431_20250113T112443_T29SPD;1;1.73677E+12;POLYGON ((-6.843186161212265 39.803452076718514, -6.843097005194278 39.80345209942152, -6.843097005194278 39.803541243585606, -6.843186161212264 39.80354129906851, -6.843186161212265 39.803452076718514));13.01.2025 11:30;13.01.2025;
152;1;20250113T112431_20250113T112443_T29SPD;1;1.73677E+12;POLYGON ((-6.8457903068714145 39.79357070179227, -6.845701147292672 39.793570725563974, -6.845701147292672 39.79365988384691, -6.8457903068714145 39.793659938273514, -6.8457903068714145 39.79357070179227));13.01.2025 11:30;13.01.2025;
154;1;20250113T112431_20250113T112443_T29SPD;1;1.73677E+12;POLYGON ((-6.847676510415439 39.752966182723824, -6.847587348258017 39.752966125006424, -6.847587348258017 39.75305534229781, -6.847676510415439 39.7530553217437, -6.847676510415439 39.752966182723824));13.01.2025 11:30;13.01.2025;
157;1;20250113T112431_20250113T112443_T29SPD;1;1.73677E+12;POLYGON ((-6.849384357356514 39.79078376642441, -6.849295192864538 39.79078379296836, -6.849295192864539 39.79087741298163, -6.849384357356514 39.79087746463862, -6.849384357356514 39.79078376642441));13.01.2025 11:30;13.01.2025;
158;1;20250113T112431_20250113T112443_T29SPD;1;1.73677E+12;POLYGON ((-6.849651851563697 39.79006585025772, -6.849562686706094 39.79006587694694, -6.849562686706094 39.79015503988357, -6.8496518515636975 39.79015509139673, -6.849651851563697 39.79006585025772));13.01.2025 11:30;13.01.2025;
159;1;20250113T112431_20250113T112443_T29SPD;1;1.73677E+12;POLYGON ((-6.849923927836645 39.78189230682872, -6.849834680804249 39.781892337607324, -6.849834680804248 39.78198151244161, -6.849923927836644 39.781981559875824, -6.849923927836645 39.78189230682872));13.01.2025 11:30;13.01.2025;
0000000000000000015a;1;20250113T112431_20250113T112443_T29SPD;1;1.73677E+12;POLYGON ((-6.850191424256343 39.75503069461235, -6.8501022586612414 39.75503071757556, -6.850102258661241 39.75512439225112, -6.850191424256343 39.755124369276686, -6.850191424256343 39.75503069461235));13.01.2025 11:30;13.01.2025;
0000000000000000015c;1;20250113T112431_20250113T112443_T29SPD;1;1.73677E+12;POLYGON ((-6.851270501225273 39.75269861029834, -6.851181334155341 39.75269863391463, -6.851181334155341 39.752787772903424, -6.851270501225273 39.752787827537134, -6.851270501225273 39.75269861029834));13.01.2025 11:30;13.01.2025;
0000000000000000015d;1;20250113T112431_20250113T112443_T29SPD;1;1.73677E+12;POLYGON ((-6.851270501225273 39.75386687626489, -6.851181334155342 39.75386690002103, -6.851181334155341 39.75395611556772, -6.851270501225273 39.75395609180089, -6.851270501225273 39.75386687626489));13.01.2025 11:30;13.01.2025;
0000000000000000015e;1;20250113T112431_20250113T112443_T29SPD;1;1.73677E+12;POLYGON ((-6.851270501225273 39.779738624756185, -6.851181334155341 39.77973857338245, -6.851181334155341 39.77982775119802, -6.851270501225273 39.77982780256096, -6.851270501225273 39.779738624756185));13.01.2025 11:30;13.01.2025;
0000000000000000015f;1;20250113T112431_20250113T112443_T29SPD;1;1.73677E+12;POLYGON ((-6.851359750221888 39.77982777078761, -6.851270501225273 39.77982780256096, -6.851270501225273 39.77991698023561, -6.851359750221888 39.779916948451586, -6.851359750221888 39.77982777078761));13.01.2025 11:30;13.01.2025;
160;1;20250113T112431_20250113T112443_T29SPD;1;1.73677E+12;POLYGON ((-6.851448917535662 39.748114652852685, -6.851359750221888 39.74811467607432, -6.851359750221888 39.74820382171624, -6.851448917535662 39.748203798483935, -6.851448917535662 39.748114652852685));13.01.2025 11:30;13.01.2025;
161;1;20250113T112431_20250113T112443_T29SPD;1;1.73677E+12;POLYGON ((-6.851631751812448 39.75009007095321, -6.851542502443751 39.75009002113757, -6.851542502443752 39.75018370319244, -6.851631751812447 39.750183674732774, -6.851631751812448 39.75009007095321));13.01.2025 11:30;13.01.2025;
163;1;20250113T112431_20250113T112443_T29SPD;1;1.73677E+12;POLYGON ((-6.852077673264312 39.788179683525364, -6.851988423285643 39.7881797169191, -6.851988423285643 39.78826888231795, -6.852077673264312 39.78826884891354, -6.852077673264312 39.788179683525364));13.01.2025 11:30;13.01.2025;
166;1;20250113T112431_20250113T112443_T29SPD;1;1.73677E+12;POLYGON ((-6.85252801530295 39.787729299617595, -6.852438846514451 39.787729328512725, -6.852438846514452 39.78782295281164, -6.85252801530295 39.7878229239053, -6.85252801530295 39.787729299617595));13.01.2025 11:30;13.01.2025;
168;1;20250113T112431_20250113T112443_T29SPD;1;1.73677E+12;POLYGON ((-6.852800021763794 39.78719418273117, -6.852706353245515 39.787194243041625, -6.852706353245515 39.78728340979277, -6.852800021763794 39.787283427687534, -6.852800021763794 39.78719418273117));13.01.2025 11:30;13.01.2025;
0000000000000000016b;1;20250113T112431_20250113T112443_T29SPD;1;1.73677E+12;POLYGON ((-6.855404142207052 39.78584314425531, -6.855314969488496 39.78584309719235, -6.855314969488495 39.785936724019415, -6.855404142207053 39.78593677107104, -6.855404142207052 39.78584314425531));13.01.2025 11:30;13.01.2025;
171;1;20250113T112431_20250113T112443_T29SPD;1;1.73677E+12;POLYGON ((-6.856839921558589 39.77605541213072, -6.856750746878416 39.77605536512492, -6.856750746878416 39.776144547645465, -6.856839921558589 39.77614459464047, -6.856839921558589 39.77605541213072));13.01.2025 11:30;13.01.2025;
173;1;20250113T112431_20250113T112443_T29SPD;1;1.73677E+12;POLYGON ((-6.857111945991567 39.775604991353696, -6.857018353096332 39.77560497105886, -6.857018353096332 39.77569415420435, -6.857111945991567 39.775694174487896, -6.857111945991567 39.775604991353696));13.01.2025 11:30;13.01.2025;
177;1;20250113T112431_20250113T112443_T29SPD;1;1.73677E+12;POLYGON ((-6.857557904890539 39.772550542210574, -6.857468647417026 39.77255050023906, -6.857468647417026 39.77263968778641, -6.857557904890539 39.772639729747134, -6.857557904890539 39.772550542210574));13.01.2025 11:30;13.01.2025;
0000000000000000017c;1;20250113T112431_20250113T112443_T29SPD;1;1.73677E+12;POLYGON ((-6.857919026656996 39.77227852299787, -6.85782985050264 39.77227855470291, -6.857829850502639 39.77237220199514, -6.857919026656996 39.77237217027889, -6.857919026656996 39.77227852299787));13.01.2025 11:30;13.01.2025;
186;1;20250113T112431_20250113T112443_T29SPD;1;1.73677E+12;POLYGON ((-6.863038105718291 39.778927012149545, -6.86294892257217 39.778927049074774, -6.86294892257217 39.77901622666, -6.863038105718291 39.779016189724096, -6.863038105718291 39.778927012149545));13.01.2025 11:30;13.01.2025;
187;1;20250113T112431_20250113T112443_T29SPD;1;1.73677E+12;POLYGON ((-6.863127288986199 39.779016230936996, -6.863038105718291 39.779016189724096, -6.863038105718291 39.779105367168526, -6.863127288986199 39.77910540837063, -6.863127288986199 39.779016230936996));13.01.2025 11:30;13.01.2025;
189;1;20250113T112431_20250113T112443_T29SPD;1;1.73677E+12;POLYGON ((-6.86420641617986 39.73140636786889, -6.8641172314383825 39.73140640011192, -6.8641172314383825 39.73149556853694, -6.864206416179861 39.731495614569745, -6.86420641617986 39.73140636786889));13.01.2025 11:30;13.01.2025;
0000000000000000018a;1;20250113T112431_20250113T112443_T29SPD;1;1.73677E+12;POLYGON ((-6.864295601043117 39.777758739858406, -6.864206416179861 39.77775877773071, -6.864206416179861 39.77784795686926, -6.864295601043117 39.77784791898628, -6.864295601043117 39.777758739858406));13.01.2025 11:30;13.01.2025;
0000000000000000018c;1;20250113T112431_20250113T112443_T29SPD;1;1.73677E+12;POLYGON ((-6.8646567600739035 39.77758035862489, -6.864567574717503 39.77758039678802, -6.864567574717503 39.77766957614338, -6.8646567600739035 39.77766953796958, -6.8646567600739035 39.77758035862489));13.01.2025 11:30;13.01.2025;
190;1;20250113T112431_20250113T112443_T29SPD;1;1.73677E+12;POLYGON ((-6.8648351311520335 39.77488708343456, -6.8647459455520785 39.7748871214294, -6.864745945552079 39.77497630469268, -6.864835131152034 39.77497626668716, -6.8648351311520335 39.77488708343456));13.01.2025 11:30;13.01.2025;
191;1;20250113T112431_20250113T112443_T29SPD;1;1.73677E+12;POLYGON ((-6.865013502717261 39.76967441249399, -6.864924316873762 39.76967437178121, -6.864924316873762 39.76976356262691, -6.865013502717262 39.7697636033289, -6.865013502717261 39.76967441249399));13.01.2025 11:30;13.01.2025;
193;1;20250113T112431_20250113T112443_T29SPD;1;1.73677E+12;POLYGON ((-6.865463852175929 39.762397120941245, -6.865374665717535 39.762397157983855, -6.865374665717535 39.76249081945457, -6.865463852175929 39.76249078240073, -6.865463852175929 39.762397120941245));13.01.2025 11:30;13.01.2025;
195;1;20250113T112431_20250113T112443_T29SPD;1;1.73677E+12;POLYGON ((-6.865735830714706 39.769674446967244, -6.865642225458035 39.769674433745465, -6.865642225458034 39.769763624504655, -6.865735830714706 39.76976355947772, -6.865735830714706 39.769674446967244));13.01.2025 11:30;13.01.2025;
197;1;20250113T112431_20250113T112443_T29SPD;1;1.73677E+12;POLYGON ((-6.867082484820526 39.73185679401902, -6.866993296152251 39.73185675051564, -6.86699329615225 39.73194591793928, -6.867082484820525 39.73194596143185, -6.867082484820526 39.73185679401902));13.01.2025 11:30;13.01.2025;
199;1;20250113T112431_20250113T112443_T29SPD;1;1.73677E+12;POLYGON ((-6.869236223566775 39.724039961158816, -6.86914703195844 39.724039996865436, -6.86914703195844 39.724129175399845, -6.869236223566775 39.72412913968254, -6.869236223566775 39.724039961158816));13.01.2025 11:30;13.01.2025;
0000000000000000019a;1;20250113T112431_20250113T112443_T29SPD;1;1.73677E+12;POLYGON ((-6.869236223566775 39.75673855951037, -6.86914703195844 39.75673852088207, -6.86914703195844 39.756827730081355, -6.869236223566775 39.75682776869884, -6.869236223566775 39.75673855951037));13.01.2025 11:30;13.01.2025;
0000000000000000019b;1;20250113T112431_20250113T112443_T29SPD;1;1.73677E+12;POLYGON ((-6.869236223566775 39.768060200830234, -6.86914703195844 39.76806024181189, -6.869147031958439 39.768149434503336, -6.869236223566775 39.76814939351102, -6.869236223566775 39.768060200830234));13.01.2025 11:30;13.01.2025;
0000000000000000019d;1;20250113T112431_20250113T112443_T29SPD;1;1.73677E+12;POLYGON ((-6.869325415296857 39.76985275099635, -6.869236223566775 39.769852792269795, -6.869236223566775 39.769946441836, -6.869325415296858 39.76994640055134, -6.869325415296857 39.76985275099635));13.01.2025 11:30;13.01.2025;
0000000000000000019f;1;20250113T112431_20250113T112443_T29SPD;1;1.73677E+12;POLYGON ((-6.869508299637907 39.767159505475526, -6.869419107658193 39.7671594683441, -6.869419107658193 39.76724866231647, -6.869508299637907 39.76724862119684, -6.869508299637907 39.767159505475526));13.01.2025 11:30;13.01.2025;
000000000000000001a2;1;20250113T112431_20250113T112443_T29SPD;1;1.73677E+12;POLYGON ((-6.8702261767665425 39.76617402009109, -6.870136983806971 39.76617398346101, -6.8701369838069715 39.76626317878408, -6.8702261767665425 39.76626321540337, -6.8702261767665425 39.76617402009109));13.01.2025 11:30;13.01.2025;
000000000000000001a4;1;20250113T112431_20250113T112443_T29SPD;1;1.73677E+12;POLYGON ((-6.870944061781485 39.76545164552544, -6.870854867842098 39.765451609428546, -6.870854867842098 39.76554080571856, -6.870944061781485 39.76554084180464, -6.870944061781485 39.76545164552544));13.01.2025 11:30;13.01.2025;
000000000000000001a9;1;20250113T112431_20250113T112443_T29SPD;1;1.73677E+12;POLYGON ((-6.87202315443453 39.72637654196047, -6.871934040853017 39.7263764972159, -6.871934040853017 39.72646575030846, -6.872023154434529 39.72646571675009, -6.87202315443453 39.72637654196047));13.01.2025 11:30;13.01.2025;
000000000000000001ab;1;20250113T112431_20250113T112443_T29SPD;1;1.73677E+12;POLYGON ((-6.87237993730024 39.72655489355624, -6.872290741401224 39.72655493228131, -6.872290741401224 39.72664410677923, -6.87237993730024 39.72664406804346, -6.87237993730024 39.72655489355624));13.01.2025 11:30;13.01.2025;
000000000000000001ac;1;20250113T112431_20250113T112443_T29SPD;1;1.73677E+12;POLYGON ((-6.873459053660473 39.76707031725706, -6.873369856288848 39.7670702835306, -6.873369856288848 39.76715947715704, -6.873459053660473 39.76715951087269, -6.873459053660473 39.76707031725706));13.01.2025 11:30;13.01.2025;
000000000000000001ae;1;20250113T112431_20250113T112443_T29SPD;1;1.73677E+12;POLYGON ((-6.873998577604809 39.765901969873006, -6.873909379496964 39.765902014713106, -6.873909379496965 39.76599120997821, -6.873998577604809 39.76599116512743, -6.873998577604809 39.765901969873006));13.01.2025 11:30;13.01.2025;
000000000000000001af;1;20250113T112431_20250113T112443_T29SPD;1;1.73677E+12;POLYGON ((-6.874448907158128 39.76167927597152, -6.874359790269435 39.76167923759747, -6.874359790269435 39.7617684389657, -6.874448907158129 39.7617683990822, -6.874448907158128 39.76167927597152));13.01.2025 11:30;13.01.2025;
000000000000000001b2;1;20250113T112431_20250113T112443_T29SPD;1;1.73677E+12;POLYGON ((-6.8746273049679205 39.76087214303115, -6.874538106002169 39.760872109564275, -6.874538106002169 39.76096131208779, -6.8746273049679205 39.760961345543855, -6.8746273049679205 39.76087214303115));13.01.2025 11:30;13.01.2025;
000000000000000001b3;1;20250113T112431_20250113T112443_T29SPD;1;1.73677E+12;POLYGON ((-6.87462730496792 39.761050469678864, -6.874538106002169 39.761050514481234, -6.874538106002169 39.76113971674463, -6.874627304967921 39.76113967193157, -6.87462730496792 39.761050469678864));13.01.2025 11:30;13.01.2025;
000000000000000001b4;1;20250113T112431_20250113T112443_T29SPD;1;1.73677E+12;POLYGON ((-6.87462730496792 39.76132253614305, -6.874538106002169 39.761322502730714, -6.874538106002169 39.76141170459756, -6.8746273049679205 39.761411659751914, -6.87462730496792 39.76132253614305));13.01.2025 11:30;13.01.2025;
000000000000000001b6;1;20250113T112431_20250113T112443_T29SPD;1;1.73677E+12;POLYGON ((-6.874894820761128 39.75898597615041, -6.874805703264552 39.75898593783548, -6.874805703264552 39.75907514307656, -6.874894820761127 39.75907510313055, -6.874894820761128 39.75898597615041));13.01.2025 11:30;13.01.2025;
000000000000000001b8;1;20250113T112431_20250113T112443_T29SPD;1;1.73677E+12;POLYGON ((-6.875166838554346 39.75718892768961, -6.875077638852424 39.75718889424316, -6.875077638852424 39.75727810207115, -6.875166838554347 39.75727813550678, -6.875166838554346 39.75718892768961));13.01.2025 11:30;13.01.2025;
000000000000000001b9;1;20250113T112431_20250113T112443_T29SPD;1;1.73677E+12;POLYGON ((-6.875166838554346 39.76518409214471, -6.875077638852424 39.76518405966649, -6.875077638852424 39.76527325583773, -6.875166838554346 39.765273288305146, -6.875166838554346 39.76518409214471));13.01.2025 11:30;13.01.2025;
000000000000000001ba;1;20250113T112431_20250113T112443_T29SPD;1;1.73677E+12;POLYGON ((-6.876781046849479 39.73158480409579, -6.876691844945205 39.73158476894298, -6.876691844945205 39.731678397837186, -6.876781046849479 39.73167843297865, -6.876781046849479 39.73158480409579));13.01.2025 11:30;13.01.2025;
000000000000000001bb;1;20250113T112431_20250113T112443_T29SPD;1;1.73677E+12;POLYGON ((-6.881815341252484 39.72835189386896, -6.881721712967286 39.7283518900029, -6.881721712967284 39.72844113903844, -6.881815341252484 39.728441064604624, -6.881815341252484 39.72835189386896));13.01.2025 11:30;13.01.2025;
000000000000000001c0;1;20250113T112431_20250113T112443_T29SPD;1;1.73677E+12;POLYGON ((-6.886033663677039 39.73562916487206, -6.885944531001809 39.73562913335058, -6.885944531001809 39.735718371279766, -6.88603366367704 39.73571832451161, -6.886033663677039 39.73562916487206));13.01.2025 11:30;13.01.2025;
000000000000000001c1;1;20250113T112431_20250113T112443_T29SPD;1;1.73677E+12;POLYGON ((-6.886573209515085 39.74389186628138, -6.886484076104925 39.74389191449574, -6.886484076104925 39.74398552334422, -6.886573209515084 39.74398555338684, -6.886573209515085 39.74389186628138));13.01.2025 11:30;13.01.2025;
000000000000000001c3;1;20250113T112431_20250113T112443_T29SPD;1;1.73677E+12;POLYGON ((-6.887112759801767 39.74982248821707, -6.887023625656702 39.749822459347904, -6.887023625656702 39.74991167647044, -6.887112759801768 39.74991170532879, -6.887112759801767 39.74982248821707));13.01.2025 11:30;13.01.2025;
000000000000000001c4;1;20250113T112431_20250113T112443_T29SPD;1;1.73677E+12;POLYGON ((-6.887384828411374 39.744253094261175, -6.887295612045921 39.74425306981253, -6.887295612045921 39.74434221674933, -6.887384828411374 39.744342241187184, -6.887384828411374 39.744253094261175));13.01.2025 11:30;13.01.2025;
000000000000000001c5;1;20250113T112431_20250113T112443_T29SPD;1;1.73677E+12;POLYGON ((-6.887563179657008 39.74425306951975, -6.887473963048416 39.744253045225335, -6.887473963048416 39.744342270408296, -6.8875631796570085 39.74434221642426, -6.887563179657008 39.74425306951975));13.01.2025 11:30;13.01.2025;
000000000000000001c7;1;20250113T112431_20250113T112443_T29SPD;1;1.73677E+12;POLYGON ((-6.892325476795985 39.74613924177631, -6.892236335552229 39.74613929522999, -6.892236335552229 39.74622843882451, -6.8923254767959845 39.74622846362486, -6.892325476795985 39.74613924177631));13.01.2025 11:30;13.01.2025;
000000000000000001c8;1;20250113T112431_20250113T112443_T29SPD;1;1.73677E+12;POLYGON ((-6.893582962442659 39.74721835568109, -6.893493737629275 39.74721833695268, -6.893493737629275 39.74730755708773, -6.893582962442659 39.74730757580532, -6.893582962442659 39.74721835568109));13.01.2025 11:30;13.01.2025;
000000000000000001ca;1;20250113T112431_20250113T112443_T29SPD;1;1.73677E+12;POLYGON ((-6.9065188177304195 39.71703472367811, -6.906429657171202 39.71703470760355, -6.906429657171202 39.71712389182071, -6.9065188177304195 39.71712390788443, -6.9065188177304195 39.71703472367811));13.01.2025 11:30;13.01.2025;
000000000000000001cd;1;20250113T112431_20250113T112443_T29SPD;1;1.73677E+12;POLYGON ((-6.936519669074539 39.79500659213624, -6.936430467750478 39.79500653327126, -6.936430467750477 39.79509575669912, -6.9365196690745385 39.79509573735564, -6.936519669074539 39.79500659213624));13.01.2025 11:30;13.01.2025;
000000000000000001d1;1;20250113T112431_20250113T112443_T29SPD;1;1.73677E+12;POLYGON ((-6.959247669523642 39.81548723281578, -6.959158519313242 39.81548719122147, -6.959158519313243 39.81558083756427, -6.959247669523642 39.81558087914709, -6.959247669523642 39.81548723281578));13.01.2025 11:30;13.01.2025;
000000000000000001d3;1;20250113T112431_20250113T112443_T29SPD;1;1.73677E+12;POLYGON ((-6.975510014184156 39.647236379396325, -6.975416334184022 39.647236445391044, -6.975416334184021 39.64732556574925, -6.975510014184156 39.647325578125134, -6.975510014184156 39.647236379396325));13.01.2025 11:30;13.01.2025;
000000000000000001d4;1;20250113T112431_20250113T112443_T29SPD;1;1.73677E+12;POLYGON ((-6.977574614204859 39.70787125549313, -6.97748535723391 39.707871299773934, -6.97748535723391 39.70796048865744, -6.977574614204859 39.70796044436577, -6.977574614204859 39.70787125549313));13.01.2025 11:30;13.01.2025;
000000000000000001d5;1;20250113T112431_20250113T112443_T29SPD;1;1.73677E+12;POLYGON ((-6.991946233644732 39.81225438024431, -6.991857039211972 39.8122543665603, -6.991857039211972 39.812343558007896, -6.991946233644732 39.812343571680955, -6.991946233644732 39.81225438024431));13.01.2025 11:30;13.01.2025;
000000000000000001d7;1;20250113T112431_20250113T112443_T29SPD;1;1.73677E+12;POLYGON ((-6.993743264795059 39.67409361146624, -6.99365406793488 39.67409358234431, -6.993654067934881 39.67418273994204, -6.993743264795059 39.67418276905298, -6.993743264795059 39.67409361146624));13.01.2025 11:30;13.01.2025;
000000000000000001dd;1;20250113T112431_20250113T112443_T29SPD;1;1.73677E+12;POLYGON ((-7.055006867671916 39.70858915520322, -7.054917670298236 39.70858917840516, -7.054917670298236 39.70867835671599, -7.055006867671916 39.70867833350304, -7.055006867671916 39.70858915520322));13.01.2025 11:30;13.01.2025;
1.00E+02;1;20250113T112431_20250113T112443_T29SPD;1;1.73677E+12;POLYGON ((-7.08150731881325 39.76850615447111, -7.081418085864693 39.76850612981417, -7.081418085864693 39.768595295894606, -7.08150731881325 39.768595320540435, -7.08150731881325 39.76850615447111));13.01.2025 11:30;13.01.2025;
1.00E+05;1;20250113T112431_20250113T112443_T29SPD;1;1.73677E+12;POLYGON ((-7.182122471476971 39.634929316169206, -7.182028828901234 39.63492931326835, -7.182028828901234 39.6350185041499, -7.182122471476971 39.635018507038936, -7.182122471476971 39.634929316169206));13.01.2025 11:30;13.01.2025;
000000000000000001ea;1;20250113T112431_20250113T112443_T29SPD;1;1.73677E+12;POLYGON ((-7.209340833526377 39.624147190496366, -7.209251594398814 39.62414717013482, -7.209251594398814 39.624236373169886, -7.209340833526377 39.6242363935201, -7.209340833526377 39.624147190496366));13.01.2025 11:30;13.01.2025;
000000000000000001ed;1;20250113T112431_20250113T112443_T29SPD;1;1.73677E+12;POLYGON ((-7.313723890107672 39.753684078513714, -7.313634760139109 39.75368407153273, -7.313634760139109 39.753773229902436, -7.313723890107672 39.753773236871965, -7.313723890107672 39.753684078513714));13.01.2025 11:30;13.01.2025;
000000000000000001ee;1;20250113T112431_20250113T112443_T29SPD;1;1.73677E+12;POLYGON ((-7.316778350949326 39.76096129511338, -7.31668921697017 39.76096129171883, -7.31668921697017 39.76105051729668, -7.316778350949326 39.761050520679774, -7.316778350949326 39.76096129511338));13.01.2025 11:30;13.01.2025;
000000000000000001ef;1;20250113T112431_20250113T112443_T29SPD;1;1.73677E+12;POLYGON ((-7.320550753203592 39.7272728430758, -7.320461614272373 39.72727283863203, -7.320461614272373 39.72736649435867, -7.320550753203592 39.72736642054843, -7.320550753203592 39.7272728430758));13.01.2025 11:30;13.01.2025;
000000000000000001f0;1;20250113T112431_20250113T112443_T29SPD;1;1.73677E+12;POLYGON ((-7.320912005985006 39.727272798248386, -7.320818335466961 39.72727284553739, -7.320818335466961 39.72736642297395, -7.320912005985006 39.72736645391433, -7.320912005985006 39.727272798248386));13.01.2025 11:30;13.01.2025;
000000000000000001f1;1;20250113T112431_20250113T112443_T29SPD;1;1.73677E+12;POLYGON ((-7.32109036753092 39.63726141371434, -7.321001145507367 39.63726140336557, -7.321001145507367 39.63735503950909, -7.32109036753092 39.637355049845794, -7.32109036753092 39.63726141371434));13.01.2025 11:30;13.01.2025;
000000000000000001f4;1;20250113T112431_20250113T112443_T29SPD;1;1.73677E+12;POLYGON ((-7.33914520240634 39.749554909824816, -7.339056039085588 39.749554924395106, -7.339056039085588 39.74964416372246, -7.33914520240634 39.749644149140686, -7.33914520240634 39.749554909824816));13.01.2025 11:30;13.01.2025;
000000000000000001f5;1;20250113T112431_20250113T112443_T29SPD;1;1.73677E+12;POLYGON ((-7.339234448250158 39.749644129263416, -7.33914520240634 39.749644149140686, -7.33914520240634 39.7497333101152, -7.339234448250158 39.749733290226466, -7.339234448250158 39.749644129263416));13.01.2025 11:30;13.01.2025;
000000000000000001fc;1;20250113T112431_20250113T112443_T29SPD;1;1.73677E+12;POLYGON ((-7.417299903946436 39.73985197158431, -7.417210720969189 39.739851969381796, -7.417210720969189 39.73994113450627, -7.417299903946436 39.73994113669717, -7.417299903946436 39.73985197158431));13.01.2025 11:30;13.01.2025;
000000000000000001fd;1;20250113T112431_20250113T112443_T29SPD;1;1.73677E+12;POLYGON ((-7.419186138742259 39.73392131117155, -7.419096953308862 39.733921309837626, -7.419096953308862 39.73401048334527, -7.419186138742259 39.734010484667586, -7.419186138742259 39.73392131117155));13.01.2025 11:30;13.01.2025;
201;1;20250113T112431_20250113T112443_T29SPD;1;1.73677E+12;POLYGON ((-7.422780136066352 39.755481072207814, -7.422690945953969 39.755481076807115, -7.422690945953969 39.755570296662924, -7.422780136066352 39.755570292052006, -7.422780136066352 39.755481072207814));13.01.2025 11:30;13.01.2025;
205;1;20250113T112431_20250113T112443_T29SPD;1;1.73677E+12;POLYGON ((-7.430324917679272 39.63852335172498, -7.4302357177483636 39.63852334764136, -7.4302357177483636 39.63861250149653, -7.430324917679272 39.63861250556851, -7.430324917679272 39.63852335172498));13.01.2025 11:30;13.01.2025;
208;1;20250113T112431_20250113T112443_T29SPD;1;1.73677E+12;POLYGON ((-7.435265586818613 39.58579002999256, -7.435176462982997 39.5857900180276, -7.435176462982997 39.58587916899374, -7.435265586818613 39.58587918094706, -7.435265586818613 39.58579002999256));13.01.2025 11:30;13.01.2025;
0000000000000000020e;1;20250113T112431_20250113T112443_T29SPD;1;1.73677E+12;POLYGON ((-7.461498522817972 39.60061208686384, -7.4614049070375605 39.60061207283082, -7.4614049070375605 39.60070119899751, -7.461498522817972 39.60070121301825, -7.461498522817972 39.60061208686384));13.01.2025 11:30;13.01.2025;
0000000000000000020f;1;20250113T112431_20250113T112443_T29SPD;1;1.73677E+12;POLYGON ((-7.461676838942847 39.60061206109893, -7.461587680822597 39.60061207402013, -7.461587680822597 39.600701200162874, -7.461676838942847 39.60070126561706, -7.461676838942847 39.60061206109893));13.01.2025 11:30;13.01.2025;
